% Model,Supported-External.mph
% Version,COMSOL 5.4.0.225
% Date,"Aug 12 2022, 20:16"
% Dimension,1
% Nodes,1530
% Expressions,1
% Description,Radiation pattern
% theta,r
0,0.6106847455691639
0.12566370614359174,0.6078078746033265
0.25132741228718347,0.5992717088733771
0.37699111843077515,0.5857494253013152
0.5026548245743669,0.5682693016738731
0.6283185307179586,0.5480770243410559
0.7539822368615503,0.5264620107410258
0.8796459430051421,0.5045774567070735
1.0053096491487339,0.4832939003534048
1.1309733552923256,0.4631232223427909
1.2566370614359172,0.44423086477167956
1.382300767579509,0.4265261951714965
1.5079644737231006,0.40979858824590504
1.6336281798666925,0.39385938531775455
1.7592918860102842,0.3786553315699612
1.8849555921538756,0.36432894312012193
2.0106192982974678,0.3512107792315482
2.1362830044410597,0.3397406559780658
2.261946710584651,0.33033470406438886
2.3876104167282426,0.32324060328975895
2.5132741228718345,0.3184387165999473
2.6389378290154264,0.3156328765441023
2.764601535159018,0.3143318367419883
2.8902652413026093,0.3139800571314861
3.015928947446201,0.31408506569183237
3.141592653589793,0.31430875267529856
3.267256359733385,0.3145174712251845
3.3929200658769765,0.31479953063890453
3.5185837720205684,0.31545496288249586
3.6442474781641603,0.31695137526596334
3.7699111843077513,0.31983586780256146
3.895574890451343,0.32460695746691676
4.0212385965949355,0.331579184056931
4.1469023027385274,0.3407951272857584
4.272566008882119,0.35202929562506685
4.39822971502571,0.36488495846034646
4.523893421169302,0.3789397236603161
4.649557127312894,0.3938799675802627
4.775220833456485,0.40957986884459363
4.900884539600077,0.42610764732364925
5.026548245743669,0.4436627629305211
5.15221195188726,0.4624604546497267
5.277875658030853,0.48258935270687797
5.403539364174444,0.5038769696096782
5.529203070318036,0.5258022385895867
5.654866776461628,0.5474861144765374
5.780530482605219,0.5677690600205868
5.906194188748811,0.5853573237476867
6.031857894892402,0.5990017320403863
6.157521601035994,0.6076701754816244
6.283185307179586,0.6106847455691635
0,0.5736827825144772
0.12566370614359174,0.5714147542436009
0.25132741228718347,0.564149634557521
0.37699111843077515,0.5524400904452451
0.5026548245743669,0.5371418055550066
0.6283185307179586,0.519300507695718
0.7539822368615503,0.5000107591619081
0.8796459430051421,0.4802697737932146
1.0053096491487339,0.46085640018952206
1.1309733552923256,0.44226323887465313
1.2566370614359172,0.42469648892464384
1.382300767579509,0.40813842014362395
1.5079644737231006,0.3924505484349647
1.6336281798666925,0.3774881793531829
1.7592918860102842,0.36319848712542213
1.8849555921538756,0.3496799716202569
2.0106192982974678,0.33718810827781204
2.1362830044410597,0.326082001808772
2.261946710584651,0.3167230625439765
2.3876104167282426,0.30935726170561156
2.5132741228718345,0.3040263208527949
2.6389378290154264,0.3005458756771245
2.764601535159018,0.2985583745257136
2.8902652413026093,0.2976341041930931
3.015928947446201,0.2973790798992892
3.141592653589793,0.29751874932112743
3.267256359733385,0.29794646859912094
3.3929200658769765,0.2987386050895938
3.5185837720205684,0.3001389855577249
3.6442474781641603,0.3025108676381794
3.7699111843077513,0.3062553290752757
3.895574890451343,0.3117072532399203
4.0212385965949355,0.3190389056362841
4.1469023027385274,0.3282102538184449
4.272566008882119,0.33899078659974086
4.39822971502571,0.35104495399458935
4.523893421169302,0.3640449089139892
4.649557127312894,0.3777674737050595
4.775220833456485,0.39214524614467705
4.900884539600077,0.40726093628589954
5.026548245743669,0.4232890954810355
5.15221195188726,0.44039889838959256
5.277875658030853,0.4586388660174701
5.403539364174444,0.47783093886270916
5.529203070318036,0.4975038665006126
5.654866776461628,0.5168892500236579
5.780530482605219,0.5349868797380247
5.906194188748811,0.5506856901372296
6.031857894892402,0.5629122196880704
6.157521601035994,0.5707753604534386
6.283185307179586,0.5736827825144772
0,0.5397909625361801
0.12566370614359174,0.5374362611692872
0.25132741228718347,0.5306730893637459
0.37699111843077515,0.5200034439205815
0.5026548245743669,0.5061836406792811
0.6283185307179586,0.4901276652430757
0.7539822368615503,0.47278769832857986
0.8796459430051421,0.45503086279394345
1.0053096491487339,0.4375368291334678
1.1309733552923256,0.42073934754343206
1.2566370614359172,0.40482431096127325
1.382300767579509,0.38978114922830825
1.5079644737231006,0.3754902018128184
1.6336281798666925,0.3618215966887662
1.7592918860102842,0.3487214047768205
1.8849555921538756,0.33626525842376115
2.0106192982974678,0.3246658816435161
2.1362830044410597,0.3142299601826896
2.261946710584651,0.3052735879436253
2.3876104167282426,0.2980225578348224
2.5132741228718345,0.29253535084558596
2.6389378290154264,0.28868137441734854
2.764601535159018,0.28618275309001584
2.8902652413026093,0.2846990961075903
3.015928947446201,0.2839206014651613
3.141592653589793,0.2836414076868799
3.267256359733385,0.2838012883700128
3.3929200658769765,0.2844955428288186
3.5185837720205684,0.28595533004459345
3.6442474781641603,0.2884987137435449
3.7699111843077513,0.29245487736996867
3.895574890451343,0.29807468630460937
4.0212385965949355,0.3054547030545308
4.1469023027385274,0.31450581509267084
4.272566008882119,0.3249828424913233
4.39822971502571,0.3365645108043702
4.523893421169302,0.348951811568255
4.649557127312894,0.36194902092716963
4.775220833456485,0.3755028722092475
4.900884539600077,0.3896912345421114
5.026548245743669,0.40466564537944033
5.15221195188726,0.42056102124078504
5.277875658030853,0.4373928069560249
5.403539364174444,0.45496710935605467
5.529203070318036,0.47282990734250924
5.654866776461628,0.49027348086886147
5.780530482605219,0.5064023428295742
5.906194188748811,0.5202436497492176
6.031857894892402,0.5308762939064234
6.157521601035994,0.5375522674024649
6.283185307179586,0.53979096253618
0,0.5071672908546637
0.12566370614359174,0.5051274043696125
0.25132741228718347,0.49921884190325966
0.37699111843077515,0.48986622914762284
0.5026548245743669,0.4777125385414964
0.6283185307179586,0.46353742615642307
0.7539822368615503,0.4481566521198126
0.8796459430051421,0.43231857339009006
1.0053096491487339,0.4166176955448477
1.1309733552923256,0.401443750135186
1.2566370614359172,0.3869766100214505
1.382300767579509,0.37322519092148615
1.5079644737231006,0.3600973395792967
1.6336281798666925,0.34748157264275853
1.7592918860102842,0.3353209767636557
1.8849555921538756,0.32366263032755227
2.0106192982974678,0.3126708722778175
2.1362830044410597,0.3025998980299225
2.261946710584651,0.29373159608156063
2.3876104167282426,0.28629711174356415
2.5132741228718345,0.28040984729392043
2.6389378290154264,0.27603591830463325
2.764601535159018,0.2730129527179025
2.8902652413026093,0.27110726720117995
3.015928947446201,0.2700858836943057
3.141592653589793,0.2697801134599103
3.267256359733385,0.2701267962746475
3.3929200658769765,0.2711824581507776
3.5185837720205684,0.2731098304348128
3.6442474781641603,0.27613751971705247
3.7699111843077513,0.28049743867970217
3.895574890451343,0.2863533714960949
4.0212385965949355,0.2937433862040916
4.1469023027385274,0.3025596256332006
4.272566008882119,0.3125761728269447
4.39822971502571,0.3235150715777343
4.523893421169302,0.33512495062965514
4.649557127312894,0.34724421692779545
4.775220833456485,0.35982950935824864
4.900884539600077,0.3729426972038555
5.026548245743669,0.38670053717482106
5.15221195188726,0.40119881029208104
5.277875658030853,0.4164282727813703
5.403539364174444,0.4322031682794602
5.529203070318036,0.44812243049451383
5.654866776461628,0.46357695146555145
5.780530482605219,0.4778042097511183
5.906194188748811,0.4899786708850782
6.031857894892402,0.4993181251113075
6.157521601035994,0.5051851096563948
6.283185307179586,0.5071672908546637
0,0.48126838685840106
0.12566370614359174,0.4795219092976848
0.25132741228718347,0.4743214908207729
0.37699111843077515,0.4660302075471895
0.5026548245743669,0.4552040109578319
0.6283185307179586,0.4425215749439105
0.7539822368615503,0.42869728585697886
0.8796459430051421,0.41439089388155576
1.0053096491487339,0.40013086755113636
1.1309733552923256,0.38626763091198973
1.2566370614359172,0.3729664761163858
1.382300767579509,0.3602398049973961
1.5079644737231006,0.34800835826437226
1.6336281798666925,0.3361747631750862
1.7592918860102842,0.3246911977781775
1.8849555921538756,0.3136052274685822
2.0106192982974678,0.3030726803810251
2.1362830044410597,0.2933336226353699
2.261946710584651,0.2846572797783565
2.3876104167282426,0.27727261149165616
2.5132741228718345,0.2713086005062953
2.6389378290154264,0.266766448313357
2.764601535159018,0.26353320638601346
2.8902652413026093,0.2614291155142819
3.015928947446201,0.2602692240549725
3.141592653589793,0.259919077576376
3.267256359733385,0.2603311992312991
3.3929200658769765,0.2615567446986374
3.5185837720205684,0.26373128012599567
3.6442474781641603,0.2670364617624704
3.7699111843077513,0.27164401774784774
3.895574890451343,0.2776558256748764
4.0212385965949355,0.28505994593691597
4.1469023027385274,0.29372064928711705
4.272566008882119,0.30340844049823684
4.39822971502571,0.313859627113441
4.523893421169302,0.3248436630062943
4.649557127312894,0.3362155044478257
4.775220833456485,0.34793751758376884
4.900884539600077,0.3600656473788832
5.026548245743669,0.3727035932786122
5.15221195188726,0.3859355282970833
5.277875658030853,0.39975275091373774
5.403539364174444,0.4139922577171646
5.529203070318036,0.4283040765211547
5.654866776461628,0.44215807680583474
5.780530482605219,0.454890917782464
5.906194188748811,0.46578339616529585
6.031857894892402,0.47415177397711894
6.157521601035994,0.4794356348110398
6.283185307179586,0.48126838685840095
0,0.4583811527706895
0.12566370614359174,0.45674225144750197
0.25132741228718347,0.45200368200727714
0.37699111843077515,0.44447681818552914
0.5026548245743669,0.43464216843994313
0.6283185307179586,0.4230913920951424
0.7539822368615503,0.41045413894139887
0.8796459430051421,0.397320709287696
1.0053096491487339,0.3841747316056127
1.1309733552923256,0.3713497119160502
1.2566370614359172,0.3590183952041245
1.382300767579509,0.3472156695354839
1.5079644737231006,0.33588730619334456
1.6336281798666925,0.3249511418163456
1.7592918860102842,0.31435557036462075
1.8849555921538756,0.3041218089521026
2.0106192982974678,0.2943602592770891
2.1362830044410597,0.2852570122278467
2.261946710584651,0.2770341432536031
2.3876104167282426,0.2698958902881831
2.5132741228718345,0.2639789537105581
2.6389378290154264,0.2593248481618063
2.764601535159018,0.25588378063186806
2.8902652413026093,0.2535465877924664
3.015928947446201,0.25219103249290675
3.141592653589793,0.25172616374327506
3.267256359733385,0.25212249706149176
3.3929200658769765,0.2534218402589321
3.5185837720205684,0.2557253130541585
3.6442474781641603,0.25916167890229597
3.7699111843077513,0.26384252170994116
3.895574890451343,0.26981640433109755
4.0212385965949355,0.2770378386511235
4.1469023027385274,0.28536426200700665
4.272566008882119,0.2945842495598056
4.39822971502571,0.30446757463248025
4.523893421169302,0.3148194030277533
4.649557127312894,0.3255205140924366
4.775220833456485,0.33654145933978347
4.900884539600077,0.3479269645907864
5.026548245743669,0.35975448216984773
5.15221195188726,0.3720764759749795
5.277875658030853,0.3848597649033953
5.403539364174444,0.3979367743683522
5.529203070318036,0.41098189801017543
5.654866776461628,0.42352072955457737
5.780530482605219,0.43497174794212135
5.906194188748811,0.4447119646517662
6.031857894892402,0.45215310358420685
6.157521601035994,0.4568144050926933
6.283185307179586,0.4583811527706894
0,0.43500133442544764
0.12566370614359174,0.4334273136752152
0.25132741228718347,0.42908974582252707
0.37699111843077515,0.42226388175289764
0.5026548245743669,0.4133724962955475
0.6283185307179586,0.40293662158066657
0.7539822368615503,0.3915126600592356
0.8796459430051421,0.3796251423864095
1.0053096491487339,0.36770734804818606
1.1309733552923256,0.35606193410727693
1.2566370614359172,0.34484964833557236
1.382300767579509,0.33410717089892894
1.5079644737231006,0.32378778938062747
1.6336281798666925,0.31381362514457045
1.7592918860102842,0.3041266328413449
1.8849555921538756,0.2947270596126463
2.0106192982974678,0.28569137592008625
2.1362830044410597,0.2771662486943064
2.261946710584651,0.2693407587508206
2.3876104167282426,0.2624051661922768
2.5132741228718345,0.25650926659437123
2.6389378290154264,0.2517341380845713
2.764601535159018,0.24808637164339917
2.8902652413026093,0.24551528381419235
3.015928947446201,0.24394536874249179
3.141592653589793,0.243312185070003
3.267256359733385,0.24359063678496048
3.3929200658769765,0.24480804132949197
3.5185837720205684,0.24703828690568314
3.6442474781641603,0.25037745195899175
3.7699111843077513,0.2549063384686135
3.895574890451343,0.2606510792197349
4.0212385965949355,0.2675563735836376
4.1469023027385274,0.2754832970632734
4.272566008882119,0.2842344930900071
4.39822971502571,0.2935982421482589
4.523893421169302,0.3033955619517832
4.649557127312894,0.31351429418074495
4.775220833456485,0.323919716021061
4.900884539600077,0.3346389653940698
5.026548245743669,0.3457235351751401
5.15221195188726,0.35719905425396775
5.277875658030853,0.36901437453956637
5.403539364174444,0.38100248468649417
5.529203070318036,0.3928635641534722
5.654866776461628,0.40417553431116804
5.780530482605219,0.4144308588768228
5.906194188748811,0.42309224097503495
6.031857894892402,0.4296563339667582
6.157521601035994,0.43371441384197623
6.283185307179586,0.43500133442544764
0,0.4136801375779451
0.12566370614359174,0.4123302064909126
0.25132741228718347,0.40850794905673504
0.37699111843077515,0.4024521076026173
0.5026548245743669,0.3945277832739143
0.6283185307179586,0.38518373026902303
0.7539822368615503,0.37489904762216514
0.8796459430051421,0.3641269913137353
1.0053096491487339,0.35324568165427045
1.1309733552923256,0.34252526439729786
1.2566370614359172,0.3321179418469081
1.382300767579509,0.3220719480123596
1.5079644737231006,0.31236482237294866
1.6336281798666925,0.3029471133606393
1.7592918860102842,0.29378587275005674
1.8849555921538756,0.28489790816039723
2.0106192982974678,0.27636525928731465
2.1362830044410597,0.26832943905753254
2.261946710584651,0.2609663704923119
2.3876104167282426,0.25444976133308694
2.5132741228718345,0.24891491487052547
2.6389378290154264,0.2444352624285057
2.764601535159018,0.24101916258493095
2.8902652413026093,0.238626550610201
3.015928947446201,0.23719780455553083
3.141592653589793,0.23668401417496615
3.267256359733385,0.2370690615213734
3.3929200658769765,0.23837754071143755
3.5185837720205684,0.24066654795036072
3.6442474781641603,0.2440032342991159
3.7699111843077513,0.24843404998796303
3.895574890451343,0.2539552934364285
4.0212385965949355,0.2604958754512775
4.1469023027385274,0.267920066969937
4.272566008882119,0.2760507616344243
4.39822971502571,0.2847057723935364
4.523893421169302,0.29373489854664514
4.649557127312894,0.3030457530385235
4.775220833456485,0.31261054444881786
4.900884539600077,0.3224517426819557
5.026548245743669,0.33260987904142353
5.15221195188726,0.34310079760156537
5.277875658030853,0.3538722494168451
5.403539364174444,0.3647704700695423
5.529203070318036,0.37552575969604696
5.654866776461628,0.38576194143483944
5.780530482605219,0.3950288240601531
5.906194188748811,0.402851330284665
6.031857894892402,0.4087856687247035
6.157521601035994,0.41247262829277515
6.283185307179586,0.41368013757794503
0,0.40068557222743695
0.12566370614359174,0.3996844405742463
0.25132741228718347,0.39638951992053834
0.37699111843077515,0.39101323252232534
0.5026548245743669,0.38388305302979686
0.6283185307179586,0.3754013871681465
0.7539822368615503,0.36599662915053166
0.8796459430051421,0.3560725780019869
1.0053096491487339,0.3459649585369817
1.1309733552923256,0.33591338326723025
1.2566370614359172,0.3260541843000534
1.382300767579509,0.31643476624574096
1.5079644737231006,0.3070450171151706
1.6336281798666925,0.29785747248691524
1.7592918860102842,0.2888662733878682
1.8849555921538756,0.28011557941689913
2.0106192982974678,0.2717106768280798
2.1362830044410597,0.2638092039054252
2.261946710584651,0.2565952007267303
2.3876104167282426,0.25024396149791184
2.5132741228718345,0.24488902275792498
2.6389378290154264,0.24060211234048773
2.764601535159018,0.23739202745291518
2.8902652413026093,0.23522117132483047
3.015928947446201,0.2340323457047316
3.141592653589793,0.23377596498901151
3.267256359733385,0.23442920603932693
3.3929200658769765,0.23600198985060442
3.5185837720205684,0.23852846612482342
3.6442474781641603,0.24204634853368207
3.7699111843077513,0.24657007235374995
3.895574890451343,0.25206664582665156
4.0212385965949355,0.25844356027508036
4.1469023027385274,0.26555482734053254
4.272566008882119,0.27322477434695747
4.39822971502571,0.281282489773917
4.523893421169302,0.28959590981894845
4.649557127312894,0.29809481545162103
4.775220833456485,0.30677561170619094
4.900884539600077,0.3156858323469384
5.026548245743669,0.32489131637257723
5.15221195188726,0.3344331268746011
5.277875658030853,0.34428404879837177
5.403539364174444,0.3543153112920991
5.529203070318036,0.3642824187105111
5.654866776461628,0.37383464768367297
5.780530482605219,0.38254699644717255
5.906194188748811,0.3899680938903225
6.031857894892402,0.39567454242231376
6.157521601035994,0.3993220219489892
6.283185307179586,0.4006855722274371
0,0.4003793979190792
0.12566370614359174,0.399176874662754
0.25132741228718347,0.3958472905082105
0.37699111843077515,0.3905875243781973
0.5026548245743669,0.3836974119114808
0.6283185307179586,0.3755461509603266
0.7539822368615503,0.3665302528941605
0.8796459430051421,0.35702893706832434
1.0053096491487339,0.3473643945014237
1.1309733552923256,0.337774246055877
1.2566370614359172,0.3284013257374212
1.382300767579509,0.3193020845227926
1.5079644737231006,0.3104706519475599
1.6336281798666925,0.3018722515739295
1.7592918860102842,0.2934780507498461
1.8849555921538756,0.2852937248605683
2.0106192982974678,0.2773757120849708
2.1362830044410597,0.2698319856986224
2.261946710584651,0.26280787084990714
2.3876104167282426,0.2564614119417815
2.5132741228718345,0.25093595227145565
2.6389378290154264,0.24633851484078811
2.764601535159018,0.24273041415048469
2.8902652413026093,0.2401318643275146
3.015928947446201,0.2385371921330553
3.141592653589793,0.23793386445599804
3.267256359733385,0.23831797927774262
3.3929200658769765,0.23970072746509508
3.5185837720205684,0.24210353071735957
3.6442474781641603,0.24554324324871027
3.7699111843077513,0.25001235660616394
3.895574890451343,0.25546164078594735
4.0212385965949355,0.2617927750628213
4.1469023027385274,0.2688654787592747
4.272566008882119,0.2765182737100206
4.39822971502571,0.2845966616895999
4.523893421169302,0.29297961928968286
4.649557127312894,0.3015958874886125
4.775220833456485,0.31042482431762847
4.900884539600077,0.3194810156556112
5.026548245743669,0.32878600185868967
5.15221195188726,0.33833357294727096
5.277875658030853,0.3480567297579564
5.403539364174444,0.3578043459951922
5.529203070318036,0.3673336541929779
5.654866776461628,0.37632117546728083
5.780530482605219,0.38439049851527907
5.906194188748811,0.3911516776808312
6.031857894892402,0.3962450555151028
6.157521601035994,0.3993823539495817
6.283185307179586,0.4003793979190792
0,0.4199023973143792
0.12566370614359174,0.4188616216213994
0.25132741228718347,0.41568618513548905
0.37699111843077515,0.4105588246752369
0.5026548245743669,0.4037612429045549
0.6283185307179586,0.39564296727601006
0.7539822368615503,0.386582868562799
0.8796459430051421,0.3769483568077642
1.0053096491487339,0.3670585865410438
1.1309733552923256,0.35715810395227043
1.2566370614359172,0.3474057635135509
1.382300767579509,0.33788062808743563
1.5079644737231006,0.32860279737247833
1.6336281798666925,0.3195637824923998
1.7592918860102842,0.31075901937145967
1.8849555921538756,0.30221478615053343
2.0106192982974678,0.2940031849616024
2.1362830044410597,0.2862417871897789
2.261946710584651,0.2790786120605736
2.3876104167282426,0.27266743918190794
2.5132741228718345,0.2671416244162153
2.6389378290154264,0.26259507125297915
2.764601535159018,0.25907615804371853
2.8902652413026093,0.2565952523653435
3.015928947446201,0.2551413188264475
3.141592653589793,0.2547002978070349
3.267256359733385,0.2552681820538864
3.3929200658769765,0.2568542820883471
3.5185837720205684,0.25947373972977217
3.6442474781641603,0.2631319247036901
3.7699111843077513,0.26780625118071355
3.895574890451343,0.2734323963169339
4.0212385965949355,0.2799010472057265
4.1469023027385274,0.2870679529526768
4.272566008882119,0.2947752892873129
4.39822971502571,0.30287814358812815
4.523893421169302,0.31126801916854585
4.649557127312894,0.31988612862067106
4.775220833456485,0.3287221697195874
4.900884539600077,0.33779804790676016
5.026548245743669,0.347139635643591
5.15221195188726,0.3567425509849568
5.277875658030853,0.36653968916484714
5.403539364174444,0.37637841933962335
5.529203070318036,0.38601362513830284
5.654866776461628,0.39511927347003306
5.780530482605219,0.4033168461796249
5.906194188748811,0.41021517298555105
6.031857894892402,0.4154541814088009
6.157521601035994,0.4187452230875595
6.283185307179586,0.4199023973143793
0,0.42734027518738726
0.12566370614359174,0.42617608935290674
0.25132741228718347,0.422865885037452
0.37699111843077515,0.41759635524503247
0.5026548245743669,0.41065611800487867
0.6283185307179586,0.4024040630963938
0.7539822368615503,0.39322925369822376
0.8796459430051421,0.3835078560700079
1.0053096491487339,0.3735641637470212
1.1309733552923256,0.3636428951322899
1.2566370614359172,0.3538980495281365
1.382300767579509,0.3444000060232431
1.5079644737231006,0.3351583087909679
1.6336281798666925,0.32615402441632235
1.7592918860102842,0.3173736472670097
1.8849555921538756,0.30883658345718346
2.0106192982974678,0.3006100719543617
2.1362830044410597,0.2928085985621709
2.261946710584651,0.28557889146083487
2.3876104167282426,0.27907561966381206
2.5132741228718345,0.2734357058276469
2.6389378290154264,0.26875943115200246
2.764601535159018,0.2651037671627444
2.8902652413026093,0.2624885875185105
3.015928947446201,0.260911707015385
3.141592653589793,0.2603660491640447
3.267256359733385,0.26085234344898145
3.3929200658769765,0.2623829364843251
3.5185837720205684,0.26497544404131723
3.6442474781641603,0.26863824867513875
3.7699111843077513,0.2733527131587241
3.895574890451343,0.27905871830728957
4.0212385965949355,0.28564981980103854
4.1469023027385274,0.29298148754376385
4.272566008882119,0.30089129089366967
4.39822971502571,0.30922538651125975
4.523893421169302,0.31786317062714925
4.649557127312894,0.3267323353609362
4.775220833456485,0.33580935956742014
4.900884539600077,0.3451044651411615
5.026548245743669,0.35463407475561226
5.15221195188726,0.36438696712541796
5.277875658030853,0.37429209182486306
5.403539364174444,0.38419598868225174
5.529203070318036,0.3938558012839674
5.654866776461628,0.402950322138399
5.780530482605219,0.4111073291743182
5.906194188748811,0.41794197863018084
6.031857894892402,0.42309923913004616
6.157521601035994,0.4262935289351095
6.283185307179586,0.4273402751873872
0,0.4365641205066848
0.12566370614359174,0.4353813186822761
0.25132741228718347,0.43204458530673406
0.37699111843077515,0.42674313007234543
0.5026548245743669,0.41976693077013916
0.6283185307179586,0.41147490536143655
0.7539822368615503,0.40225483840489246
0.8796459430051421,0.39248054931827137
1.0053096491487339,0.38247338415721416
1.1309733552923256,0.37247518000548385
1.2566370614359172,0.3626378694849618
1.382300767579509,0.3530312130089458
1.5079644737231006,0.34366589954804555
1.6336281798666925,0.3345257905722684
1.7592918860102842,0.32560132359604266
1.8849555921538756,0.3169162837149531
2.0106192982974678,0.30854204184113354
2.1362830044410597,0.3005965215395509
2.261946710584651,0.29322907768520806
2.3876104167282426,0.2865963605496745
2.5132741228718345,0.2808369185526473
2.6389378290154264,0.27605253744738906
2.764601535159018,0.27230165471958423
2.8902652413026093,0.2696055472157726
3.015928947446201,0.2679633850077649
3.141592653589793,0.2673695786155305
3.267256359733385,0.2678268010012251
3.3929200658769765,0.2693500606718468
3.5185837720205684,0.2719602433658521
3.6442474781641603,0.2756689115921365
3.7699111843077513,0.2804593170466022
3.895574890451343,0.28627068401403644
4.0212385965949355,0.2929926894062604
4.1469023027385274,0.30047405323213955
4.272566008882119,0.30854407424993563
4.39822971502571,0.31704095201937726
4.523893421169302,0.3258380383598684
4.649557127312894,0.3348596995793968
4.775220833456485,0.3440816418002028
4.900884539600077,0.35351493225750436
5.026548245743669,0.3631771831604471
5.15221195188726,0.37305756196205103
5.277875658030853,0.3830839412552109
5.403539364174444,0.39310028310817285
5.529203070318036,0.40286018329827267
5.654866776461628,0.41203878522633675
5.780530482605219,0.4202610231943332
5.906194188748811,0.4271406886233926
6.031857894892402,0.43232313794831695
6.157521601035994,0.43552477527729133
6.283185307179586,0.43656412050668475
0,0.4457056253108145
0.12566370614359174,0.4445512627813261
0.25132741228718347,0.4412365889302016
0.37699111843077515,0.43594673821348895
0.5026548245743669,0.4289665751048155
0.6283185307179586,0.42065002605355406
0.7539822368615503,0.41138139201912916
0.8796459430051421,0.4015337599892319
1.0053096491487339,0.3914311104540243
1.1309733552923256,0.38132087521326974
1.2566370614359172,0.3713620353922862
1.382300767579509,0.36163060210355896
1.5079644737231006,0.352140427586611
1.6336281798666925,0.34287393440906655
1.7592918860102842,0.33381540749930794
1.8849555921538756,0.32497928950232347
2.0106192982974678,0.3164273295254099
2.1362830044410597,0.30827114511973785
2.261946710584651,0.30066035313664197
2.3876104167282426,0.29376024454127764
2.5132741228718345,0.2877259725748587
2.6389378290154264,0.28268117750381594
2.764601535159018,0.2787071696538805
2.8902652413026093,0.27584471195226823
3.015928947446201,0.27410576455312585
3.141592653589793,0.2734892568417397
3.267256359733385,0.273994168709763
3.3929200658769765,0.2756248062878456
3.5185837720205684,0.27838626006947925
3.6442474781641603,0.2822716605808148
3.7699111843077513,0.2872461011384247
3.895574890451343,0.2932339718040274
4.0212385965949355,0.3001159569817162
4.1469023027385274,0.3077388108382798
4.272566008882119,0.31593626585465256
4.39822971502571,0.3245550705328099
4.523893421169302,0.3334780438965821
4.649557127312894,0.3426368264088688
4.775220833456485,0.35201004436376887
4.900884539600077,0.3616066048032701
5.026548245743669,0.37143762514610074
5.15221195188726,0.381483310552268
5.277875658030853,0.39166247662475634
5.403539364174444,0.4018121022724593
5.529203070318036,0.41168224071819903
5.654866776461628,0.42094820394174925
5.780530482605219,0.42923807157547156
5.906194188748811,0.4361704124450905
6.031857894892402,0.4413955283360361
6.157521601035994,0.4446337304639138
6.283185307179586,0.4457056253108144
0,0.4548786450959264
0.12566370614359174,0.45375538887103917
0.25132741228718347,0.45044194220907735
0.37699111843077515,0.44512213669477735
0.5026548245743669,0.43808094344388987
0.6283185307179586,0.4296736649409034
0.7539822368615503,0.4202870964766557
0.8796459430051421,0.4102977665415268
1.0053096491487339,0.4000338327217137
1.1309733552923256,0.38974739320550866
1.2566370614359172,0.3796023596464978
1.382300767579509,0.36967982150676504
1.5079644737231006,0.3599989064818215
1.6336281798666925,0.3505476801236202
1.7592918860102842,0.3413165612668529
1.8849555921538756,0.33232646288500306
2.0106192982974678,0.3236453467783796
2.1362830044410597,0.31538979886750995
2.261946710584651,0.30771209262842575
2.3876104167282426,0.30077719593017
2.5132741228718345,0.29473709887160965
2.6389378290154264,0.2897104585900233
2.764601535159018,0.2857733135713514
2.8902652413026093,0.2829622542842752
3.015928947446201,0.28128681411086687
3.141592653589793,0.2807449111121776
3.267256359733385,0.281334849176967
3.3929200658769765,0.2830593232928923
3.5185837720205684,0.2859200552224839
3.6442474781641603,0.28990511911197586
3.7699111843077513,0.2949738690306011
3.895574890451343,0.3010458017691928
4.0212385965949355,0.3079989206776416
4.1469023027385274,0.3156801071575801
4.272566008882119,0.32392565316939476
4.39822971502571,0.3325862344341167
4.523893421169302,0.34154877473210715
4.649557127312894,0.35074839171012806
4.775220833456485,0.36016635518191
4.900884539600077,0.3698136429798218
5.026548245743669,0.3797032481878027
5.15221195188726,0.3898171938434943
5.277875658030853,0.40007577759943347
5.403539364174444,0.4103165170206751
5.529203070318036,0.42028840752592117
5.654866776461628,0.4296637274666501
5.780530482605219,0.43806563053202147
5.906194188748811,0.4451063974719041
6.031857894892402,0.45042947564726066
6.157521601035994,0.453748580174887
6.283185307179586,0.45487864509592635
0,0.46380152135810626
0.12566370614359174,0.4625735747556372
0.25132741228718347,0.4591641241528609
0.37699111843077515,0.4537630570674402
0.5026548245743669,0.44665915484569413
0.6283185307179586,0.4382090722146698
0.7539822368615503,0.4287985133950248
0.8796459430051421,0.41880073734957696
1.0053096491487339,0.40853900280642425
1.1309733552923256,0.39825969086565893
1.2566370614359172,0.3881211143459078
1.382300767579509,0.3781997015198871
1.5079644737231006,0.3685113018334304
1.6336281798666925,0.3590420146619148
1.7592918860102842,0.34978108097217026
1.8849555921538756,0.3407483114804504
2.0106192982974678,0.3320101020846784
2.1362830044410597,0.32368094810684256
2.261946710584651,0.3159110274888309
2.3876104167282426,0.3088641401634202
2.5132741228718345,0.3026929955013934
2.6389378290154264,0.297519414988893
2.764601535159018,0.2934249554202642
2.8902652413026093,0.2904534191087957
3.015928947446201,0.28862237962717335
3.141592653589793,0.28793798095587125
3.267256359733385,0.288406739405614
3.3929200658769765,0.29003965633441303
3.5185837720205684,0.2928468362732329
3.6442474781641603,0.2968242033796907
3.7699111843077513,0.30193706062035774
3.895574890451343,0.3081071657589453
4.0212385965949355,0.31520964802047857
4.1469023027385274,0.3230830547478517
4.272566008882119,0.3315510267717845
4.39822971502571,0.34044956980523217
4.523893421169302,0.34965155965967487
4.649557127312894,0.3590807647688572
4.775220833456485,0.36871071531918526
4.900884539600077,0.3785479137411143
5.026548245743669,0.3886029296665828
5.15221195188726,0.3988559937924882
5.277875658030853,0.40922525423430267
5.403539364174444,0.41954553960999114
5.529203070318036,0.42956322798690844
5.654866776461628,0.4389491114195937
5.780530482605219,0.44732700842976336
5.906194188748811,0.4543125854083721
6.031857894892402,0.4595553268666715
6.157521601035994,0.46277698508090437
6.283185307179586,0.46380152135810626
0,0.4716781580938269
0.12566370614359174,0.470467033691605
0.25132741228718347,0.4670722693624474
0.37699111843077515,0.461676155988505
0.5026548245743669,0.4545601534871006
0.6283185307179586,0.44607537216471677
0.7539822368615503,0.4366049030695679
0.8796459430051421,0.4265229076849117
1.0053096491487339,0.41615690168990915
1.1309733552923256,0.40575991378524856
1.2566370614359172,0.39549767221398374
1.382300767579509,0.3854528743495573
1.5079644737231006,0.3756448044710729
1.6336281798666925,0.3660592162324705
1.7592918860102842,0.3566813702954513
1.8849555921538756,0.3475247717041825
2.0106192982974678,0.3386494028738953
2.1362830044410597,0.3301658061119693
2.261946710584651,0.3222248321718578
2.3876104167282426,0.3149966025444289
2.5132741228718345,0.3086452371481498
2.6389378290154264,0.30330701165690716
2.764601535159018,0.29907810278915786
2.8902652413026093,0.2960143179148438
3.015928947446201,0.2941407044349916
3.141592653589793,0.29346558717249205
3.267256359733385,0.2939925885299426
3.3929200658769765,0.29572557652782894
3.5185837720205684,0.2986644760468088
3.6442474781641603,0.30279346917757394
3.7699111843077513,0.30806631227561043
3.895574890451343,0.31439526354552344
4.0212385965949355,0.32164952544937475
4.1469023027385274,0.3296659839480039
4.272566008882119,0.33827042334422225
4.39822971502571,0.3473032493344755
4.523893421169302,0.3566418079038988
4.649557127312894,0.36621225123636447
4.775220833456485,0.37598694366294555
4.900884539600077,0.3859673684761618
5.026548245743669,0.3961562113852734
5.15221195188726,0.4065249731974677
5.277875658030853,0.41698466502176323
5.403539364174444,0.42736664889052156
5.529203070318036,0.43741854306089567
5.654866776461628,0.44681675993245923
5.780530482605219,0.45519357764709684
5.906194188748811,0.4621737381147163
6.031857894892402,0.4674141951586439
6.157521601035994,0.470640928204956
6.283185307179586,0.4716781580938269
0,0.47773692661471656
0.12566370614359174,0.47651024036961004
0.25132741228718347,0.47308386821006926
0.37699111843077515,0.4676449273666357
0.5026548245743669,0.46047989150358465
0.6283185307179586,0.4519439874793196
0.7539822368615503,0.4424227771487477
0.8796459430051421,0.43229099140294436
1.0053096491487339,0.42187510030289704
1.1309733552923256,0.41142623472079837
1.2566370614359172,0.4011084420607914
1.382300767579509,0.3910040823397794
1.5079644737231006,0.3811343388117161
1.6336281798666925,0.3714894741147899
1.7592918860102842,0.3620615028204646
1.8849555921538756,0.35287174876535554
2.0106192982974678,0.3439872332354946
2.1362830044410597,0.3355226710550037
2.261946710584651,0.3276285320105374
2.3876104167282426,0.3204693741553057
2.5132741228718345,0.3141993769623284
2.6389378290154264,0.30894258777493716
2.764601535159018,0.3047833626125242
2.8902652413026093,0.30176849834367014
3.015928947446201,0.29991826708052527
3.141592653589793,0.29924070952358384
3.267256359733385,0.2997430001401392
3.3929200658769765,0.3014352647748239
3.5185837720205684,0.30432513200970135
3.6442474781641603,0.3084047053205488
3.7699111843077513,0.31363473528831276
3.895574890451343,0.3199325573484021
4.0212385965949355,0.32716985277428334
4.1469023027385274,0.3351832004967188
4.272566008882119,0.3437957049728695
4.39822971502571,0.35284367546547124
4.523893421169302,0.36220021898127164
4.649557127312894,0.37178836967083156
4.775220833456485,0.381579408342366
4.900884539600077,0.39157606976064036
5.026548245743669,0.40178419886166367
5.15221195188726,0.41217929166934014
5.277875658030853,0.42267576005239105
5.403539364174444,0.4331064075742455
5.529203070318036,0.44321746747204777
5.654866776461628,0.4526810569599046
5.780530482605219,0.4611229843975978
5.906194188748811,0.46816067927888505
6.031857894892402,0.4734444771416507
6.157521601035994,0.476695754077148
6.283185307179586,0.47773692661471656
0,0.4817681362863773
0.12566370614359174,0.4806428746222668
0.25132741228718347,0.47733561665951235
0.37699111843077515,0.47202606067221686
0.5026548245743669,0.46499029109084183
0.6283185307179586,0.45657185260518296
0.7539822368615503,0.4471453407047727
0.8796459430051421,0.43707707752668
1.0053096491487339,0.4266888920123884
1.1309733552923256,0.4162313479548764
1.2566370614359172,0.40587141953247907
1.382300767579509,0.39569671370103576
1.5079644737231006,0.385734663666882
1.6336281798666925,0.3759817563591875
1.7592918860102842,0.36643572244179484
1.8849555921538756,0.3571231651790477
2.0106192982974678,0.3481163587611363
2.1362830044410597,0.3395356615810848
2.261946710584651,0.33153769828735297
2.3876104167282426,0.3242933703055954
2.5132741228718345,0.31796269270788385
2.6389378290154264,0.31267420910745203
2.764601535159018,0.3085147263119654
2.8902652413026093,0.3055309920235276
3.015928947446201,0.3037404705419465
3.141592653589793,0.3031454487234801
3.267256359733385,0.3037442865968799
3.3929200658769765,0.30553543309516085
3.5185837720205684,0.30851287548571577
3.6442474781641603,0.31265496697712486
3.7699111843077513,0.31791123883304706
3.895574890451343,0.3241930610338888
4.0212385965949355,0.3313732186989899
4.1469023027385274,0.33929657639689126
4.272566008882119,0.34779994515492546
4.39822971502571,0.35673567558747693
4.523893421169302,0.365991823767171
4.649557127312894,0.37550248705521255
4.775220833456485,0.38524458229036207
4.900884539600077,0.39522091477770666
5.026548245743669,0.40543287090367747
5.15221195188726,0.41584873794155874
5.277875658030853,0.42637501288060425
5.403539364174444,0.4368377640737409
5.529203070318036,0.44697907415624144
5.654866776461628,0.45647021677296784
5.780530482605219,0.46493943021360845
5.906194188748811,0.47200910778921124
6.031857894892402,0.47733579267961557
6.157521601035994,0.4806467088035961
6.283185307179586,0.4817681362863773
0,0.4832387631496703
0.12566370614359174,0.4820997762624058
0.25132741228718347,0.4788065760718675
0.37699111843077515,0.47353660486316834
0.5026548245743669,0.4665622844420746
0.6283185307179586,0.458222175442918
0.7539822368615503,0.4488848749143248
0.8796459430051421,0.4389103254695407
1.0053096491487339,0.4286144996661092
1.1309733552923256,0.41824357316316974
1.2566370614359172,0.4079622662900148
1.382300767579509,0.3978581807600696
1.5079644737231006,0.38796044614212744
1.6336281798666925,0.3782678397828301
1.7592918860102842,0.36877960024961287
1.8849555921538756,0.35952182979160413
2.0106192982974678,0.35056366677320333
2.1362830044410597,0.3420200196632633
2.261946710584651,0.3340410972282868
2.3876104167282426,0.32679248972299313
2.5132741228718345,0.3204321331584819
2.6389378290154264,0.31509111452634553
2.764601535159018,0.3108635028532279
2.8902652413026093,0.30780679018270846
3.015928947446201,0.3059505702690391
3.141592653589793,0.3053083830939853
3.267256359733385,0.30588710811138764
3.3929200658769765,0.30768979543769165
3.5185837720205684,0.31071063157931494
3.6442474781641603,0.31492392485487775
3.7699111843077513,0.32027165269595015
3.895574890451343,0.3266553320390644
4.0212385965949355,0.3339370734829255
4.1469023027385274,0.3419516910087409
4.272566008882119,0.3505276886817656
4.39822971502571,0.359511474419996
4.523893421169302,0.3687876386101753
4.649557127312894,0.3782890164120764
4.775220833456485,0.38799299195763337
4.900884539600077,0.39790408499451396
5.026548245743669,0.4080263072296875
5.15221195188726,0.41833136859909653
5.277875658030853,0.4287300633610272
5.403539364174444,0.43905376299151294
5.529203070318036,0.44905086013235596
5.654866776461628,0.4583996792266752
5.780530482605219,0.4667357066395002
5.906194188748811,0.47368808810154445
6.031857894892402,0.4789189813747333
6.157521601035994,0.48215966425370094
6.283185307179586,0.48323876314967007
0,0.4823036279977008
0.12566370614359174,0.4811135907904667
0.25132741228718347,0.47778343378304733
0.37699111843077515,0.472494241786101
0.5026548245743669,0.4655222806879022
0.6283185307179586,0.4572092225455336
0.7539822368615503,0.4479250804590474
0.8796459430051421,0.43802885601408925
1.0053096491487339,0.42783307657833675
1.1309733552923256,0.4175783648540592
1.2566370614359172,0.4074225802907562
1.382300767579509,0.39744613254465483
1.5079644737231006,0.38767156594884333
1.6336281798666925,0.3780924361798004
1.7592918860102842,0.36870463605900144
1.8849555921538756,0.35953304596339614
2.0106192982974678,0.3506476685228795
2.1362830044410597,0.34216600058920177
2.261946710584651,0.33424185294744335
2.3876104167282426,0.32704442916731324
2.5132741228718345,0.3207341855952202
2.6389378290154264,0.3154427335764701
2.764601535159018,0.31126227285445085
2.8902652413026093,0.3082462951596146
3.015928947446201,0.30641910706802106
3.141592653589793,0.30578883571937504
3.267256359733385,0.3063579949403507
3.3929200658769765,0.30812728613989715
3.5185837720205684,0.3110912328344914
3.6442474781641603,0.31522747944453966
3.7699111843077513,0.32048420417163337
3.895574890451343,0.3267712895004064
4.0212385965949355,0.3339600864290742
4.1469023027385274,0.34189383574419907
4.272566008882119,0.3504069755255602
4.39822971502571,0.35934815774554413
4.523893421169302,0.36860014727572177
4.649557127312894,0.3780903996448021
4.775220833456485,0.3877886069509904
4.900884539600077,0.3976909327380358
5.026548245743669,0.4077940526710481
5.15221195188726,0.4180647282867974
5.277875658030853,0.4284119598995414
5.403539364174444,0.43866849178621364
5.529203070318036,0.4485865512871389
5.654866776461628,0.45784958360153544
5.780530482605219,0.46609822583211297
5.906194188748811,0.47296586788290124
6.031857894892402,0.4781176487446186
6.157521601035994,0.4812868179499853
6.283185307179586,0.48230362799770093
0,0.48008614419274276
0.12566370614359174,0.47906497435555534
0.25132741228718347,0.4759317288725059
0.37699111843077515,0.47085265496781314
0.5026548245743669,0.4640876582585805
0.6283185307179586,0.4559624566181213
0.7539822368615503,0.4468336698917912
0.8796459430051421,0.4370514176412618
1.0053096491487339,0.426925135365593
1.1309733552923256,0.4166984134789033
1.2566370614359172,0.40653732339980214
1.382300767579509,0.39653405384082524
1.5079644737231006,0.38672439039684847
1.6336281798666925,0.3771145369836321
1.7592918860102842,0.3677107967482558
1.8849555921538756,0.35854516356928584
2.0106192982974678,0.3496910161823695
2.1362830044410597,0.3412656462741665
2.261946710584651,0.3334197967836585
2.3876104167282426,0.32631792282125
2.5132741228718345,0.3201154430157707
2.6389378290154264,0.3149398251014641
2.764601535159018,0.31088056218395815
2.8902652413026093,0.3079895651291231
3.015928947446201,0.30628967078776703
3.141592653589793,0.3057863789283611
3.267256359733385,0.3064774173420939
3.3929200658769765,0.30835618523854436
3.5185837720205684,0.3114078148538015
3.6442474781641603,0.3155996178288482
3.7699111843077513,0.3208701515900358
3.895574890451343,0.32712220671328157
4.0212385965949355,0.3342241044378821
4.1469023027385274,0.3420209112062652
4.272566008882119,0.35035350670506615
4.39822971502571,0.3590803590494133
4.523893421169302,0.368095562522512
4.649557127312894,0.37733752467691467
4.775220833456485,0.3867851520689333
4.900884539600077,0.39644157737672303
5.026548245743669,0.40630854397699645
5.15221195188726,0.4163568995553322
5.277875658030853,0.42649982363474476
5.403539364174444,0.43657514421816584
5.529203070318036,0.44634133561998046
5.654866776461628,0.4554888729385101
5.780530482605219,0.4636653076237866
5.906194188748811,0.47050966878392825
6.031857894892402,0.4756903182671674
6.157521601035994,0.47894039742695343
6.283185307179586,0.48008614419274265
0,0.47555349628610827
0.12566370614359174,0.4745225552728297
0.25132741228718347,0.4714518368980989
0.37699111843077515,0.4665020873235113
0.5026548245743669,0.45992377301101384
0.6283185307179586,0.452030012746676
0.7539822368615503,0.4431627837769062
0.8796459430051421,0.4336569313723757
1.0053096491487339,0.423807529417556
1.1309733552923256,0.4138461270066875
1.2566370614359172,0.4039300458794675
1.382300767579509,0.3941463279766475
1.5079644737231006,0.38452880721881477
1.6336281798666925,0.3750839465316347
1.7592918860102842,0.3658192722820307
1.8849555921538756,0.3567678544783151
2.0106192982974678,0.34800337729851466
2.1362830044410597,0.3396427116838915
2.261946710584651,0.3318360971789045
2.3876104167282426,0.32474834414305387
2.5132741228718345,0.3185369119105573
2.6389378290154264,0.3133333619915114
2.764601535159018,0.30923311010032056
2.8902652413026093,0.30629511128500253
3.015928947446201,0.30454943367879733
3.141592653589793,0.3040080925079743
3.267256359733385,0.3046739076183322
3.3929200658769765,0.30654349127214353
3.5185837720205684,0.3096030962222767
3.6442474781641603,0.3138190525607995
3.7699111843077513,0.31912697641726584
3.895574890451343,0.32542499207029507
4.0212385965949355,0.33257530950850855
4.1469023027385274,0.3404157529120588
4.272566008882119,0.34877920090510683
4.39822971502571,0.35751582126211695
4.523893421169302,0.366511654613251
4.649557127312894,0.37569789968340345
4.775220833456485,0.38504771107999947
4.900884539600077,0.39456053786501716
5.026548245743669,0.40423711886510066
5.15221195188726,0.4140505551708927
5.277875658030853,0.42391998118804675
5.403539364174444,0.433693021359288
5.529203070318036,0.4431414592677397
5.654866776461628,0.4519717221045203
5.780530482605219,0.45984862193581294
5.906194188748811,0.4664281721244636
6.031857894892402,0.47139388251173964
6.157521601035994,0.4744909123651587
6.283185307179586,0.4755534962861084
0,0.44895389463969243
0.12566370614359174,0.44797386968507885
0.25132741228718347,0.4451672941261426
0.37699111843077515,0.44067992028563246
0.5026548245743669,0.43473584936512316
0.6283185307179586,0.4276137322772247
0.7539822368615503,0.4196170592478664
0.8796459430051421,0.411042540110646
1.0053096491487339,0.40215149505824493
1.1309733552923256,0.39314914016659486
1.2566370614359172,0.38417539141226403
1.382300767579509,0.3753085062147632
1.5079644737231006,0.36658013220973557
1.6336281798666925,0.3579979040716666
1.7592918860102842,0.3495702414192519
1.8849555921538756,0.34132775106508695
2.0106192982974678,0.3333366122950615
2.1362830044410597,0.3257013089395368
2.261946710584651,0.3185567023816173
2.3876104167282426,0.31205216637123073
2.5132741228718345,0.3063325850948698
2.6389378290154264,0.301521691066479
2.764601535159018,0.29771209017788086
2.8902652413026093,0.2949636993082001
3.015928947446201,0.29330922025162126
3.141592653589793,0.2927629336249358
3.267256359733385,0.2933283562375631
3.3929200658769765,0.2950012713430594
3.5185837720205684,0.2977668132918981
3.6442474781641603,0.30159188589040914
3.7699111843077513,0.30641638080793937
3.895574890451343,0.31214766391051757
4.0212385965949355,0.3186621031805405
4.1469023027385274,0.32581509078540166
4.272566008882119,0.33345786394854193
4.39822971502571,0.34145670199289285
4.523893421169302,0.34970884957149834
4.649557127312894,0.3581501860457928
4.775220833456485,0.3667518668226925
4.900884539600077,0.37550609552409525
5.026548245743669,0.38440398942487175
5.15221195188726,0.3934105147123361
5.277875658030853,0.40244229101127926
5.403539364174444,0.4113535454324275
5.529203070318036,0.41993375653860165
5.654866776461628,0.4279179924352626
5.780530482605219,0.4350082830218465
5.906194188748811,0.44090228403269777
6.031857894892402,0.4453244693972549
6.157521601035994,0.4480551956419317
6.283185307179586,0.44895389463969243
0,0.4175908536637498
0.12566370614359174,0.416823758875289
0.25132741228718347,0.4144464848591549
0.37699111843077515,0.41057991875887173
0.5026548245743669,0.4054133501701428
0.6283185307179586,0.399183943268013
0.7539822368615503,0.39215126950732476
0.8796459430051421,0.38457035644261567
1.0053096491487339,0.3766673692333136
1.1309733552923256,0.3686219567720067
1.2566370614359172,0.3605592639545478
1.382300767579509,0.3525527589681748
1.5079644737231006,0.34463678238861994
1.6336281798666925,0.3368256713767578
1.7592918860102842,0.3291349602565813
1.8849555921538756,0.32159981671608834
2.0106192982974678,0.31428661688739845
2.1362830044410597,0.3072952641919103
2.261946710584651,0.3007521905419658
2.3876104167282426,0.2947964058750366
2.5132741228718345,0.28956278063223995
2.6389378290154264,0.28516729365462623
2.764601535159018,0.2816979612252515
2.8902652413026093,0.27921290717066105
3.015928947446201,0.2777444215102162
3.141592653589793,0.27730591418007267
3.267256359733385,0.2778980758934504
3.3929200658769765,0.2795113859547066
3.5185837720205684,0.28212393415697645
3.6442474781641603,0.2856956827869168
3.7699111843077513,0.2901620644114098
3.895574890451343,0.29543054722697343
4.0212385965949355,0.30138312233431724
4.1469023027385274,0.307885697467875
4.272566008882119,0.31480281680721595
4.39822971502571,0.3220139765381137
4.523893421169302,0.32942690278349746
4.649557127312894,0.3369837743675599
4.775220833456485,0.34465818688488764
4.900884539600077,0.3524430160773695
5.026548245743669,0.3603315846714439
5.15221195188726,0.36829617383424235
5.277875658030853,0.3762686497096383
5.403539364174444,0.3841276664918721
5.529203070318036,0.3916956094501887
5.654866776461628,0.3987464281424524
5.780530482605219,0.40502327177519915
5.906194188748811,0.4102629533230679
6.031857894892402,0.41422318989927986
6.157521601035994,0.416708445146738
6.283185307179586,0.4175908536637497
0,0.38835714670360616
0.12566370614359174,0.3876775470677021
0.25132741228718347,0.3855312615708476
0.37699111843077515,0.38202478918697447
0.5026548245743669,0.37732687581052343
0.6283185307179586,0.37165078993611156
0.7539822368615503,0.3652320402286522
0.8796459430051421,0.3583044588412835
1.0053096491487339,0.35107825550617466
1.1309733552923256,0.3437236829060153
1.2566370614359172,0.33636311210300923
1.382300767579509,0.32907267319056954
1.5079644737231006,0.321892566195233
1.6336281798666925,0.31484325669763785
1.7592918860102842,0.3079435544805949
1.8849555921538756,0.30122632837736896
2.0106192982974678,0.2947483693281582
2.1362830044410597,0.2885924867679164
2.261946710584651,0.28286194962821903
2.3876104167282426,0.2776693648699405
2.5132741228718345,0.2731234599389369
2.6389378290154264,0.2693175353850534
2.764601535159018,0.2663224388097468
2.8902652413026093,0.2641851057416991
3.015928947446201,0.26293171381550207
3.141592653589793,0.2625730538975859
3.267256359733385,0.26310929721152027
3.3929200658769765,0.2645319622371202
3.5185837720205684,0.2668222525362123
3.6442474781641603,0.26994657679128997
3.7699111843077513,0.27385145666060173
3.895574890451343,0.2784606808113372
4.0212385965949355,0.283677135853613
4.1469023027385274,0.289390256392323
4.272566008882119,0.295487971204454
4.39822971502571,0.3018701738024208
4.523893421169302,0.3084598418065518
4.649557127312894,0.3152082920602115
4.775220833456485,0.3220925124503327
4.900884539600077,0.329104552103894
5.026548245743669,0.3362349940348819
5.15221195188726,0.3434540855337412
5.277875658030853,0.3506948232065158
5.403539364174444,0.3578420173616348
5.529203070318036,0.36473014087756356
5.654866776461628,0.3711508918096764
5.780530482605219,0.3768693615755258
5.906194188748811,0.3816460482310893
6.031857894892402,0.38526107912946583
6.157521601035994,0.38753700066584285
6.283185307179586,0.38835714670360616
0,0.36163763093877377
0.12566370614359174,0.361009261487629
0.25132741228718347,0.35914325122473384
0.37699111843077515,0.3561296759861692
0.5026548245743669,0.3521072849161752
0.6283185307179586,0.3472491382967319
0.7539822368615503,0.3417449704924441
0.8796459430051421,0.33578256460396294
1.0053096491487339,0.32953085561267625
1.1309733552923256,0.32312744507523644
1.2566370614359172,0.3166725735334178
1.382300767579509,0.31023041454434636
1.5079644737231006,0.3038370839487755
1.6336281798666925,0.29751336726191735
1.7592918860102842,0.2912792065898013
1.8849555921538756,0.28516668808854934
2.0106192982974678,0.2792287060906701
2.1362830044410597,0.2735415701126058
2.261946710584651,0.2682013393110749
2.3876104167282426,0.2633152523935322
2.5132741228718345,0.25899081970696314
2.6389378290154264,0.2553255521503133
2.764601535159018,0.2523997436591113
2.8902652413026093,0.2502733926679335
3.015928947446201,0.24898676583344745
3.141592653589793,0.24856289892614786
3.267256359733385,0.24900993331081497
3.3929200658769765,0.2503216836727193
3.5185837720205684,0.25247596825746144
3.6442474781641603,0.2554315517562782
3.7699111843077513,0.2591255524083639
3.895574890451343,0.2634734430630855
4.0212385965949355,0.2683731594724626
4.1469023027385274,0.27371348488619907
4.272566008882119,0.2793852903646154
4.39822971502571,0.28529298103155276
4.523893421169302,0.2913630889241208
4.649557127312894,0.29754749055409324
4.775220833456485,0.3038200049196913
4.900884539600077,0.310166745026815
5.026548245743669,0.31657212588137607
5.15221195188726,0.3230035261178957
5.277875658030853,0.32939802701597737
5.403539364174444,0.3356543122122275
5.529203070318036,0.34163176533863454
5.654866776461628,0.3471572942387935
5.780530482605219,0.35203882649400786
5.906194188748811,0.35608317455943617
6.031857894892402,0.3591153442445613
6.157521601035994,0.36099640977598235
6.283185307179586,0.36163763093877377
0,0.33748279056477504
0.12566370614359174,0.3369241583956438
0.25132741228718347,0.33524526117686976
0.37699111843077515,0.3325248350752709
0.5026548245743669,0.32888546842648514
0.6283185307179586,0.32448135452482446
0.7539822368615503,0.3194830185971465
0.8796459430051421,0.3140608964945901
1.0053096491487339,0.30837010700840717
1.1309733552923256,0.3025388433958844
1.2566370614359172,0.29666234084583737
1.382300767579509,0.2908033640612325
1.5079644737231006,0.28499881838010677
1.6336281798666925,0.27927076980615634
1.7592918860102842,0.2736392218950705
1.8849555921538756,0.26813368822336464
2.0106192982974678,0.26280099634910936
2.1362830044410597,0.25770776928995076
2.261946710584651,0.2529374124173193
2.3876104167282426,0.24858283347725824
2.5132741228718345,0.244737140264304
2.6389378290154264,0.24148486531900484
2.764601535159018,0.2388957502597806
2.8902652413026093,0.23702198295230864
3.015928947446201,0.23589847021052948
3.141592653589793,0.2355447530955628
3.267256359733385,0.23596686595488647
3.3929200658769765,0.23715784972626938
3.5185837720205684,0.23909654096604013
3.6442474781641603,0.24174530956873314
3.7699111843077513,0.24504821797688917
3.895574890451343,0.2489313023689497
4.0212385965949355,0.25330618987952674
4.1469023027385274,0.2580771872704013
4.272566008882119,0.2631506820455851
4.39822971502571,0.26844467394199073
4.523893421169302,0.27389588704944284
4.649557127312894,0.27946232626299783
4.775220833456485,0.28512019010045353
4.900884539600077,0.2908554197667119
5.026548245743669,0.2966514962538062
5.15221195188726,0.3024760830464886
5.277875658030853,0.30826952452166706
5.403539364174444,0.31393793355808935
5.529203070318036,0.3193526732042468
5.654866776461628,0.3243566749944194
5.780530482605219,0.3287766049032542
5.906194188748811,0.3324387781458963
6.031857894892402,0.3351862008055976
6.157521601035994,0.33689421729513963
6.283185307179586,0.33748279056477504
0,0.3143968688490048
0.12566370614359174,0.3139010479519751
0.25132741228718347,0.312407641573709
0.37699111843077515,0.3099852377697951
0.5026548245743669,0.3067419519761711
0.6283185307179586,0.3028144648205685
0.7539822368615503,0.2983541920143542
0.8796459430051421,0.29351237969093164
1.0053096491487339,0.28842633863168593
1.1309733552923256,0.2832090670196462
1.2566370614359172,0.27794402409861835
1.382300767579509,0.27268584264864304
1.5079644737231006,0.26746652970278517
1.6336281798666925,0.26230553217365443
1.7592918860102842,0.2572212492217371
1.8849555921538756,0.2522413512122792
2.0106192982974678,0.2474096564816627
2.1362830044410597,0.24278822146476725
2.261946710584651,0.2384545050571008
2.3876104167282426,0.23449468086217481
2.5132741228718345,0.23099506433824515
2.6389378290154264,0.22803392383400284
2.764601535159018,0.22567555083173335
2.8902652413026093,0.22396751403162216
3.015928947446201,0.2229408662780368
3.141592653589793,0.22261213707848812
3.267256359733385,0.2229855450944272
3.3929200658769765,0.22405410303608522
3.5185837720205684,0.22579903430772727
3.6442474781641603,0.22818789048772467
3.7699111843077513,0.23117259461759848
3.895574890451343,0.23468900451776775
4.0212385965949355,0.2386592972226686
4.1469023027385274,0.242997568409406
4.272566008882119,0.2476178351656466
4.39822971502571,0.2524425934423574
4.523893421169302,0.25740961942912466
4.649557127312894,0.26247498437143785
4.775220833456485,0.267611161618913
4.900884539600077,0.27280034018713634
5.026548245743669,0.27802426855760787
5.15221195188726,0.28325283954945735
5.277875658030853,0.2884339991384386
5.403539364174444,0.2934873448114035
5.529203070318036,0.29830302627865146
5.654866776461628,0.3027464561830936
5.780530482605219,0.3066681602539927
5.906194188748811,0.3099171415223588
6.031857894892402,0.3123556135363682
6.157521601035994,0.31387292719923243
6.283185307179586,0.3143968688490048
0,0.294238131481147
0.12566370614359174,0.29381138604457446
0.25132741228718347,0.29250493056581595
0.37699111843077515,0.2903757974976997
0.5026548245743669,0.2875147671127602
0.6283185307179586,0.28403742859803804
0.7539822368615503,0.28007285336490334
0.8796459430051421,0.27575131450309337
1.0053096491487339,0.2711928118161827
1.1309733552923256,0.2664982003144684
1.2566370614359172,0.26174436863872635
1.382300767579509,0.2569841894185177
1.5079644737231006,0.2522510150766925
1.6336281798666925,0.2475665545184039
1.7592918860102842,0.24295027758917534
1.8849555921538756,0.23842822531804267
2.0106192982974678,0.23403931732124672
2.1362830044410597,0.22983789411633312
2.261946710584651,0.22589216381561922
2.3876104167282426,0.22227921485924212
2.5132741228718345,0.21907804548514762
2.6389378290154264,0.2163624129381328
2.764601535159018,0.21419510698328353
2.8902652413026093,0.2126245762980097
3.015928947446201,0.21168393728515256
3.141592653589793,0.21139161314369548
3.267256359733385,0.21175247090569657
3.3929200658769765,0.21275846054867856
3.5185837720205684,0.21438832557381163
3.6442474781641603,0.21660670296572962
3.7699111843077513,0.2193635486024011
3.895574890451343,0.2225950383439921
4.0212385965949355,0.2262267771557822
4.1469023027385274,0.23017938402951857
4.272566008882119,0.2343755912660144
4.39822971502571,0.2387472671311182
4.523893421169302,0.24324052710680266
4.649557127312894,0.2478174327317989
4.775220833456485,0.25245357197569196
4.900884539600077,0.257131821912029
5.026548245743669,0.26183353492641054
5.15221195188726,0.26652903570852865
5.277875658030853,0.2711695287895551
5.403539364174444,0.27568225876621655
5.529203070318036,0.27997010606276174
5.654866776461628,0.28391590318671595
5.780530482605219,0.2873908414782324
5.906194188748811,0.29026562311576865
6.031857894892402,0.29242263994775247
6.157521601035994,0.29376745431842194
6.283185307179586,0.294238131481147
