% Model,Embedded-Internal.mph
% Version,COMSOL 5.4.0.225
% Date,"Aug 12 2022, 20:25"
% Dimension,1
% Nodes,1938
% Expressions,1
% Description,Radiation pattern
% theta,r
0,0.790326640440889
0.12566370614359174,0.7971620510216455
0.25132741228718347,0.8154497982062342
0.37699111843077515,0.8446282096164273
0.5026548245743669,0.8837106976385277
0.6283185307179586,0.9312231644589818
0.7539822368615503,0.9852423854230591
0.8796459430051421,1.0435659102732806
1.0053096491487339,1.1039827217369098
1.1309733552923256,1.164566981038088
1.2566370614359172,1.2239068799449329
1.382300767579509,1.281208679922543
1.5079644737231006,1.3362654831628376
1.6336281798666925,1.3893254550430127
1.7592918860102842,1.4409137740095348
1.8849555921538756,1.4916507431972243
2.0106192982974678,1.5420789937286679
2.1362830044410597,1.5924913038665438
2.261946710584651,1.642757220199901
2.3876104167282426,1.6921779709279656
2.5132741228718345,1.7394272017582688
2.6389378290154264,1.7826295519151902
2.764601535159018,1.8195855323603483
2.8902652413026093,1.8480961889625394
3.015928947446201,1.8663081104595796
3.141592653589793,1.8730013778812378
3.267256359733385,1.8677683682666495
3.3929200658769765,1.8510603811212718
3.5185837720205684,1.824101076398258
3.6442474781641603,1.788682352693848
3.7699111843077513,1.7468762415329586
3.895574890451343,1.7007170369255071
4.0212385965949355,1.6519219816499788
4.1469023027385274,1.601711821846456
4.272566008882119,1.550759021224406
4.39822971502571,1.4992461992751747
4.523893421169302,1.446988048939678
4.649557127312894,1.39357384331091
4.775220833456485,1.3385153407331172
4.900884539600077,1.2814088525996947
5.026548245743669,1.2221185950857942
5.15221195188726,1.1609619036889216
5.277875658030853,1.0988461849306457
5.403539364174444,1.0372974280984588
5.529203070318036,0.9783434408186555
5.654866776461628,0.9242650999034745
5.780530482605219,0.877283062851818
5.906194188748811,0.839277295180442
6.031857894892402,0.8116228483548874
6.157521601035994,0.795169847087367
6.283185307179586,0.7903266404408887
0,0.7781350582891006
0.12566370614359174,0.7850505231414091
0.25132741228718347,0.8025841542701242
0.37699111843077515,0.8301098182885529
0.5026548245743669,0.8665891167151603
0.6283185307179586,0.9105615395436415
0.7539822368615503,0.9602150279672023
0.8796459430051421,1.0135517218455206
1.0053096491487339,1.0686212029444584
1.1309733552923256,1.1237608973891702
1.2566370614359172,1.177776360977812
1.382300767579509,1.2300158282547327
1.5079644737231006,1.2803322393282306
1.6336281798666925,1.3289622184854621
1.7592918860102842,1.3763675596783183
1.8849555921538756,1.4230752630404793
2.0106192982974678,1.4695278617402128
2.1362830044410597,1.515937680326428
2.261946710584651,1.562143246996899
2.3876104167282426,1.607490966152297
2.5132741228718345,1.6507882188307375
2.6389378290154264,1.6903707561291568
2.764601535159018,1.7242928894090261
2.8902652413026093,1.7506037588051917
3.015928947446201,1.767643982952951
3.141592653589793,1.7742963902987796
3.267256359733385,1.7701446200422744
3.3929200658769765,1.7555185893111729
3.5185837720205684,1.7314261574700922
3.6442474781641603,1.6993854634291823
3.7699111843077513,1.6611868213760124
3.895574890451343,1.6186281223359655
4.0212385965949355,1.573277399388977
4.1469023027385274,1.5263106746683346
4.272566008882119,1.478448770563938
4.39822971502571,1.4299838224037216
4.523893421169302,1.380864249326609
4.649557127312894,1.330808337386229
4.775220833456485,1.2794349005707746
4.900884539600077,1.2264147003015586
5.026548245743669,1.1716423448101554
5.15221195188726,1.1154063248667954
5.277875658030853,1.058511502278238
5.403539364174444,1.002303589987501
5.529203070318036,0.94856816561081
5.654866776461628,0.8993200384518412
5.780530482605219,0.8565417308123222
5.906194188748811,0.8219494270705535
6.031857894892402,0.7968485034916519
6.157521601035994,0.7820956339283717
6.283185307179586,0.7781350582891006
0,0.7619915850212292
0.12566370614359174,0.7663280153762816
0.25132741228718347,0.780750484631751
0.37699111843077515,0.804700417294407
0.5026548245743669,0.837214238433776
0.6283185307179586,0.8769413749262305
0.7539822368615503,0.9222216944611371
0.8796459430051421,0.9712361996289863
1.0053096491487339,1.022211302753278
1.1309733552923256,1.073628615162152
1.2566370614359172,1.12438386758662
1.382300767579509,1.173854076766804
1.5079644737231006,1.221862963983941
1.6336281798666925,1.2685657090316547
1.7592918860102842,1.3142916648915652
1.8849555921538756,1.359382469710702
2.0106192982974678,1.404048726000674
2.1362830044410597,1.448253504804545
2.261946710584651,1.4916258933779412
2.3876104167282426,1.5334135153626198
2.5132741228718345,1.572490247969167
2.6389378290154264,1.6074331845170347
2.764601535159018,1.6366681953186726
2.8902652413026093,1.6586636167345397
3.015928947446201,1.6721375272592296
3.141592653589793,1.6762413082823044
3.267256359733385,1.6706885062705925
3.3929200658769765,1.6558078270571832
3.5185837720205684,1.6325091386093533
3.6442474781641603,1.6021626027547677
3.7699111843077513,1.5664060130450703
3.895574890451343,1.5269133859420747
4.0212385965949355,1.4851721159889135
4.1469023027385274,1.442316631939144
4.272566008882119,1.3990486181626756
4.39822971502571,1.3556447868492336
4.523893421169302,1.3120294582106342
4.649557127312894,1.2678836832945493
4.775220833456485,1.2227734164938822
4.900884539600077,1.1762919913345053
5.026548245743669,1.1282133585168652
5.15221195188726,1.0786405337373666
5.277875658030853,1.0281186447866202
5.403539364174444,0.9776771524585833
5.529203070318036,0.9287782734848282
5.654866776461628,0.8831750271323903
5.780530482605219,0.8427111942968251
5.906194188748811,0.8091134037326191
6.031857894892402,0.7838239249810552
6.157521601035994,0.7679020207056285
6.283185307179586,0.7619915850212291
0,0.74647702801126
0.12566370614359174,0.7510828818285641
0.25132741228718347,0.7648185049898701
0.37699111843077515,0.787133337833961
0.5026548245743669,0.8171157876595572
0.6283185307179586,0.8535175289564677
0.7539822368615503,0.8948285739449657
0.8796459430051421,0.9394126793964003
1.0053096491487339,0.9856859858449574
1.1309733552923256,1.032298927894289
1.2566370614359172,1.0782743948062243
1.382300767579509,1.1230674398695144
1.5079644737231006,1.1665371372763804
1.6336281798666925,1.208847044954474
1.7592918860102842,1.2503256719536215
1.8849555921538756,1.2913180269123086
2.0106192982974678,1.3320485858814008
2.1362830044410597,1.3725052704147886
2.261946710584651,1.4123515836903318
2.3876104167282426,1.4508795675480295
2.5132741228718345,1.4870209490926216
2.6389378290154264,1.5194284091091388
2.764601535159018,1.5466222460360206
2.8902652413026093,1.5671782539272128
3.015928947446201,1.5799209165537227
3.141592653589793,1.584086390689496
3.267256359733385,1.5794287812785845
3.3929200658769765,1.5662546118317648
3.5185837720205684,1.5453805870351789
3.6442474781641603,1.5180194262756224
3.7699111843077513,1.4856099632250828
3.895574890451343,1.449620464264807
4.0212385965949355,1.4113631855956703
4.1469023027385274,1.371856600691432
4.272566008882119,1.331756949268002
4.39822971502571,1.2913591581451855
4.523893421169302,1.2506508553424005
4.649557127312894,1.2094003221669392
4.775220833456485,1.1672669952058772
4.900884539600077,1.123930551025999
5.026548245743669,1.0792324283380754
5.15221195188726,1.0333119847565004
5.277875658030853,0.9867072462452542
5.403539364174444,0.9403881211626616
5.529203070318036,0.8957031963249413
5.654866776461628,0.854246109695574
5.780530482605219,0.817673281795526
5.906194188748811,0.7875192980870208
6.031857894892402,0.7650522442422406
6.157521601035994,0.7511906721996139
6.283185307179586,0.7464770280112603
0,0.7363279426893833
0.12566370614359174,0.740869083997944
0.25132741228718347,0.75391780747228
0.37699111843077515,0.7749315924130699
0.5026548245743669,0.8030271053306018
0.6283185307179586,0.8370133500039332
0.7539822368615503,0.875469966790884
0.8796459430051421,0.916874948566523
1.0053096491487339,0.9597650788923797
1.1309733552923256,1.0028953248062393
1.2566370614359172,1.0453589044772515
1.382300767579509,1.0866401437805058
1.5079644737231006,1.1265924617483256
1.6336281798666925,1.165354351889801
1.7592918860102842,1.2032283113898983
1.8849555921538756,1.2405480274550844
2.0106192982974678,1.277551473230635
2.1362830044410597,1.3142698657453329
2.261946710584651,1.350441072141804
2.3876104167282426,1.3854606378938779
2.5132741228718345,1.4183870330710895
2.6389378290154264,1.4480122806723619
2.764601535159018,1.4729938903569806
2.8902652413026093,1.4920261589885784
3.015928947446201,1.5040178048895456
3.141592653589793,1.5082429011900262
3.267256359733385,1.5044404899731092
3.3929200658769765,1.492849292832397
3.5185837720205684,1.4741736905409362
3.6442474781641603,1.4494855806208975
3.7699111843077513,1.4200757934430621
3.895574890451343,1.3872788838239662
4.0212385965949355,1.3523030651105612
4.1469023027385274,1.3160973905773201
4.272566008882119,1.279278165672841
4.39822971502571,1.2421197333846445
4.523893421169302,1.2046000470825828
4.649557127312894,1.1664858377763343
4.775220833456485,1.1274448975360614
4.900884539600077,1.0871766070384608
5.026548245743669,1.0455494838165944
5.15221195188726,1.0027261725749204
5.277875658030853,0.9592486621486818
5.403539364174444,0.9160577045595254
5.529203070318036,0.874433904264028
5.654866776461628,0.8358698934720651
5.780530482605219,0.801904027448897
5.906194188748811,0.7739561541234958
6.031857894892402,0.7532001813496643
6.157521601035994,0.7404893426807718
6.283185307179586,0.7363279426893836
0,0.7305690588081948
0.12566370614359174,0.7344244019287394
0.25132741228718347,0.7460046532961726
0.37699111843077515,0.7648149680381346
0.5026548245743669,0.7900514162147348
0.6283185307179586,0.8206429734411091
0.7539822368615503,0.8553290386168048
0.8796459430051421,0.8927737425122411
1.0053096491487339,0.9317030436469531
1.1309733552923256,0.9710377317167725
1.2566370614359172,1.0099918288551548
1.382300767579509,1.0481137835887715
1.5079644737231006,1.0852638181480279
1.6336281798666925,1.1215376355175437
1.7592918860102842,1.1571575082104157
1.8849555921538756,1.192353553353077
2.0106192982974678,1.2272529383859847
2.1362830044410597,1.26178834803657
2.261946710584651,1.2956339696925
2.3876104167282426,1.3281778712603594
2.5132741228718345,1.3585399137983831
2.6389378290154264,1.38563969926398
2.764601535159018,1.4083089050916007
2.8902652413026093,1.4254309371709248
3.015928947446201,1.4360837153152708
3.141592653589793,1.439661226818144
3.267256359733385,1.4359547622385982
3.3929200658769765,1.4251821406464096
3.5185837720205684,1.4079605245131286
3.6442474781641603,1.3852256411914032
3.7699111843077513,1.358108350301334
3.895574890451343,1.3277881740230266
4.0212385965949355,1.2953497707351043
4.1469023027385274,1.2616683911759754
4.272566008882119,1.227342425305235
4.39822971502571,1.1926783538367498
4.523893421169302,1.1577222248957952
4.649557127312894,1.1223270187826921
4.775220833456485,1.0862462141083211
4.900884539600077,1.0492453313032348
5.026548245743669,1.011220631367316
5.15221195188726,0.9723077531521173
5.277875658030853,0.9329578010756446
5.403539364174444,0.8939599453521824
5.529203070318036,0.8564002005668987
5.654866776461628,0.8215626883512799
5.780530482605219,0.7907955551125634
5.906194188748811,0.7653718284657325
6.031857894892402,0.7463724571593496
6.157521601035994,0.7346065865323103
6.283185307179586,0.7305690588081949
0,0.7145674371489843
0.12566370614359174,0.7179721252741759
0.25132741228718347,0.7285639109094466
0.37699111843077515,0.7458767488928897
0.5026548245743669,0.769140867606274
0.6283185307179586,0.7973350510867843
0.7539822368615503,0.8292718383689508
0.8796459430051421,0.8637117988443853
1.0053096491487339,0.8994914890036024
1.1309733552923256,0.9356410367269717
1.2566370614359172,0.9714661594142682
1.382300767579509,1.0065770696476646
1.5079644737231006,1.040860342307809
1.6336281798666925,1.074403918201902
1.7592918860102842,1.1073946295633383
1.8849555921538756,1.1400094217873882
2.0106192982974678,1.1723172644401332
2.1362830044410597,1.204202771454831
2.261946710584651,1.2353186142710098
2.3876104167282426,1.2650725874213204
2.5132741228718345,1.2926540287289219
2.6389378290154264,1.3171000781735192
2.764601535159018,1.3373946747055439
2.8902652413026093,1.3525853314210978
3.015928947446201,1.3618984712467566
3.141592653589793,1.3648350250529073
3.267256359733385,1.3612326638082834
3.3929200658769765,1.351286823069541
3.5185837720205684,1.335527970308324
3.6442474781641603,1.3147575161137754
3.7699111843077513,1.2899502785544756
3.895574890451343,1.2621374455259082
4.0212385965949355,1.2322887411861287
4.1469023027385274,1.2012133203855582
4.272566008882119,1.1694944497627837
4.39822971502571,1.1374649209545384
4.523893421169302,1.1052222415371744
4.649557127312894,1.072678128034967
4.775220833456485,1.0396356364172743
4.900884539600077,1.0058865204288587
5.026548245743669,0.9713183330584267
5.15221195188726,0.9360155216764858
5.277875658030853,0.9003346157645715
5.403539364174444,0.8649347018113536
5.529203070318036,0.8307526509662498
5.654866776461628,0.7989260524714703
5.780530482605219,0.7706803412999474
5.906194188748811,0.7472044649335132
6.031857894892402,0.7295384621341819
6.157521601035994,0.7184877331210539
6.283185307179586,0.7145674371489842
0,0.7009648782719531
0.12566370614359174,0.7040285266105586
0.25132741228718347,0.7135133689743892
0.37699111843077515,0.7290050874937278
0.5026548245743669,0.7498264840383244
0.6283185307179586,0.7750834489581171
0.7539822368615503,0.8037383182369179
0.8796459430051421,0.8347074639202664
1.0053096491487339,0.8669705844836562
1.1309733552923256,0.8996718908074671
1.2566370614359172,0.9321920980283653
1.382300767579509,0.9641760443482363
1.5079644737231006,0.9955116851738974
1.6336281798666925,1.026267738735517
1.7592918860102842,1.0566051014541755
1.8849555921538756,1.08667935809543
2.0106192982974678,1.116549430004058
2.1362830044410597,1.1461036972837015
2.261946710584651,1.1750123569741966
2.3876104167282426,1.2027134567374334
2.5132741228718345,1.2284378347634388
2.6389378290154264,1.251273024428953
2.764601535159018,1.2702584228734817
2.8902652413026093,1.2844966559410391
3.015928947446201,1.2932624279767906
3.141592653589793,1.2960914373322654
3.267256359733385,1.2928367609204585
3.3929200658769765,1.283685979596925
3.5185837720205684,1.2691375938175908
3.6442474781641603,1.2499399035060197
3.7699111843077513,1.227000230710471
3.895574890451343,1.201277261088593
4.0212385965949355,1.1736730735274887
4.1469023027385274,1.1449420516486901
4.272566008882119,1.11563022870783
4.39822971502571,1.0860519135440463
4.523893421169302,1.0563036404485635
4.649557127312894,1.0263110350845388
4.775220833456485,0.9959021168995021
4.900884539600077,0.964898817580621
5.026548245743669,0.9332152975290029
5.15221195188726,0.9009475216362998
5.277875658030853,0.8684362931916805
5.403539364174444,0.8362885266674345
5.529203070318036,0.8053498226487725
5.654866776461628,0.7766331296676219
5.780530482605219,0.7512189981881572
5.906194188748811,0.7301483209959209
6.031857894892402,0.7143266144362621
6.157521601035994,0.7044513705699906
6.283185307179586,0.700964878271953
0,0.7008686467840235
0.12566370614359174,0.7044384669016177
0.25132741228718347,0.7139097570823318
0.37699111843077515,0.728875726560732
0.5026548245743669,0.7486991916436057
0.6283185307179586,0.7725498615066353
0.7539822368615503,0.7994664966267727
0.8796459430051421,0.8284425494873758
1.0053096491487339,0.8585249829783519
1.1309733552923256,0.8889087308129826
1.2566370614359172,0.9190072764744704
1.382300767579509,0.9484843279282056
1.5079644737231006,0.9772408416329198
1.6336281798666925,1.0053619782515217
1.7592918860102842,1.0330362058500837
1.8849555921538756,1.0604618179903627
2.0106192982974678,1.0877552972773035
2.1362830044410597,1.1148736014017373
2.261946710584651,1.1415606227820034
2.3876104167282426,1.1673267988078395
2.5132741228718345,1.1914682360001403
2.6389378290154264,1.2131259932903045
2.764601535159018,1.231377917158677
2.8902652413026093,1.2453477090086442
3.015928947446201,1.2543121454513
3.141592653589793,1.2577888379040232
3.267256359733385,1.2555921421208471
3.3929200658769765,1.2478511034521496
3.5185837720205684,1.2349887203897936
3.6442474781641603,1.2176660807333255
3.7699111843077513,1.1966988765549962
3.895574890451343,1.1729578980118784
4.0212385965949355,1.1472685220946837
4.1469023027385274,1.120325195065275
4.272566008882119,1.0926342110212466
4.39822971502571,1.0644922941655899
4.523893421169302,1.0360018551737165
4.649557127312894,1.0071185662765367
4.775220833456485,0.9777236641085489
4.900884539600077,0.9477110329869537
5.026548245743669,0.9170764733411501
5.15221195188726,0.885994010621116
5.277875658030853,0.8548636616356476
5.403539364174444,0.8243188501586646
5.529203070318036,0.7951899824359263
5.654866776461628,0.7684313101741448
5.780530482605219,0.7450271359730593
5.906194188748811,0.7258969558435404
6.031857894892402,0.7118159423507193
6.157521601035994,0.7033591076011668
6.283185307179586,0.7008686467840235
0,0.7320086751935406
0.12566370614359174,0.7345250860018542
0.25132741228718347,0.7428525795825305
0.37699111843077515,0.7566319575000605
0.5026548245743669,0.7752672074714135
0.6283185307179586,0.7979704846041402
0.7539822368615503,0.8238296361897711
0.8796459430051421,0.8518943159510176
1.0053096491487339,0.8812698233163176
1.1309733552923256,0.911202457377838
1.2566370614359172,0.9411393143332669
1.382300767579509,0.9707501183009756
1.5079644737231006,0.9999074095219691
1.6336281798666925,1.028631021133547
1.7592918860102842,1.0570099304948626
1.8849555921538756,1.0851174046844096
2.0106192982974678,1.112934128561311
2.1362830044410597,1.1402905039988958
2.261946710584651,1.166835455157203
2.3876104167282426,1.1920356600294015
2.5132741228718345,1.2152057148672355
2.6389378290154264,1.2355656956763859
2.764601535159018,1.2523182156432815
2.8902652413026093,1.2647336980031103
3.015928947446201,1.2722314720493568
3.141592653589793,1.2744456596983451
3.267256359733385,1.2712677097796485
3.3929200658769765,1.2628606396240811
3.5185837720205684,1.2496429988748183
3.6442474781641603,1.232243586846075
3.7699111843077513,1.2114315961970867
3.895574890451343,1.188031048872899
4.0212385965949355,1.1628320046011318
4.1469023027385274,1.136512383261832
4.272566008882119,1.1095823322051803
4.39822971502571,1.0823584665932107
4.523893421169302,1.0549699289585497
4.649557127312894,1.0273938979070598
4.775220833456485,0.9995153743136098
4.900884539600077,0.9712038441293579
5.026548245743669,0.9423967339071415
5.15221195188726,0.9131766707565818
5.277875658030853,0.8838280835153178
5.403539364174444,0.8548605796440324
5.529203070318036,0.8269925251514719
5.654866776461628,0.8010970145792226
5.780530482605219,0.7781209679957486
5.906194188748811,0.7589932387614464
6.031857894892402,0.744537608434646
6.157521601035994,0.7354019923806198
6.283185307179586,0.7320086751935405
0,0.8199173241390275
0.12566370614359174,0.8229166550791766
0.25132741228718347,0.8318626334374327
0.37699111843077515,0.8463575565348821
0.5026548245743669,0.8657662321842087
0.6283185307179586,0.8892664323201567
0.7539822368615503,0.9159216559623902
0.8796459430051421,0.9447705238937812
1.0053096491487339,0.9749208326545054
1.1309733552923256,1.0056320578307296
1.2566370614359172,1.036370315749608
1.382300767579509,1.0668249998981556
1.5079644737231006,1.0968848312825727
1.6336281798666925,1.1265798826787379
1.7592918860102842,1.1560024189791214
1.8849555921538756,1.1852217751311964
2.0106192982974678,1.2142074195887782
2.1362830044410597,1.2427713766411272
2.261946710584651,1.2705377373334423
2.3876104167282426,1.2969435370230962
2.5132741228718345,1.3212714404809494
2.6389378290154264,1.3427101628693765
2.764601535159018,1.3604339722017889
2.8902652413026093,1.3736893405902637
3.015928947446201,1.3818760187182948
3.141592653589793,1.384611597423595
3.267256359733385,1.3817719799129358
3.3929200658769765,1.3735037896369582
3.5185837720205684,1.3602078263923878
3.6442474781641603,1.3424953709554048
3.7699111843077513,1.3211219716524516
3.895574890451343,1.2969065276888037
4.0212385965949355,1.2706463947388742
4.1469023027385274,1.2430406830258063
4.272566008882119,1.2146329795947497
4.39822971502571,1.185781535895223
4.523893421169302,1.1566606438077094
4.649557127312894,1.1272926918212642
4.775220833456485,1.097606660016747
4.900884539600077,1.06751522236299
5.026548245743669,1.0369989736675755
5.15221195188726,1.0061833589654
5.277875658030853,0.9753932562996545
5.403539364174444,0.9451732191250779
5.529203070318036,0.9162681207391316
5.654866776461628,0.8895676056087692
5.780530482605219,0.8660254804885713
5.906194188748811,0.846569331795525
6.031857894892402,0.8320151002089572
6.157521601035994,0.8229969854363661
6.283185307179586,0.8199173241390276
0,0.9866076402084554
0.12566370614359174,0.989997517066146
0.25132741228718347,1.0000688534925868
0.37699111843077515,1.0163796295747998
0.5026548245743669,1.0382268574832703
0.6283185307179586,1.0647023605318928
0.7539822368615503,1.0947718160350477
0.8796459430051421,1.1273711254662595
1.0053096491487339,1.1615077133915281
1.1309733552923256,1.1963498386149762
1.2566370614359172,1.2312869842353893
1.382300767579509,1.2659495782958268
1.5079644737231006,1.3001851088667407
1.6336281798666925,1.3339970920937287
1.7592918860102842,1.3674603375108105
1.8849555921538756,1.4006289318373297
2.0106192982974678,1.4334525580489006
2.1362830044410597,1.4657136343131516
2.261946710584651,1.496993822439087
2.3876104167282426,1.5266744201749853
2.5132741228718345,1.5539708798848866
2.6389378290154264,1.5779969911569087
2.764601535159018,1.597849648775065
2.8902652413026093,1.612701820269813
3.015928947446201,1.6218904192329238
3.141592653589793,1.6249874057197327
3.267256359733385,1.6218456627820668
3.3929200658769765,1.612614809163281
3.5185837720205684,1.5977253930028976
3.6442474781641603,1.5778429667629
3.7699111843077513,1.5537968441364665
3.895574890451343,1.526491986832759
4.0212385965949355,1.4968157447615784
4.1469023027385274,1.4655528203963548
4.272566008882119,1.4333209155040418
4.39822971502571,1.4005361847240947
4.523893421169302,1.3674129914254
4.649557127312894,1.3339977593494818
4.775220833456485,1.3002324099110156
4.900884539600077,1.2660387309242958
5.026548245743669,1.2314109513771883
5.15221195188726,1.1965006312704038
5.277875658030853,1.1616773293792224
5.403539364174444,1.1275517747010648
5.529203070318036,1.094955476547357
5.654866776461628,1.064880098323534
5.780530482605219,1.0383884941683585
5.906194188748811,1.0165141747338031
6.031857894892402,1.0001657424502473
6.157521601035994,0.9900483127530102
6.283185307179586,0.9866076402084556
0,1.2336352397010595
0.12566370614359174,1.2376192080054573
0.25132741228718347,1.2493305882027232
0.37699111843077515,1.2682620336031194
0.5026548245743669,1.2936047626056468
0.6283185307179586,1.3243149815524937
0.7539822368615503,1.3592066397742482
0.8796459430051421,1.3970625841678825
1.0053096491487339,1.4367495813069124
1.1309733552923256,1.4773183930893032
1.2566370614359172,1.5180705553189433
1.382300767579509,1.5585792960634273
1.5079644737231006,1.598661528862881
1.6336281798666925,1.638308028883743
1.7592918860102842,1.6775867095595591
1.8849555921538756,1.716537597433434
2.0106192982974678,1.7550776386348892
2.1362830044410597,1.7929301192642901
2.261946710584651,1.8295887462863327
2.3876104167282426,1.864321220875914
2.5132741228718345,1.8962116720097362
2.6389378290154264,1.924235774826064
2.764601535159018,1.9473574768314978
2.8902652413026093,1.9646331785157212
3.015928947446201,1.9753088492090756
3.141592653589793,1.9788977860255406
3.267256359733385,1.9752304454339986
3.3929200658769765,1.9644716589137385
3.5185837720205684,1.947103856175985
3.6442474781641603,1.92387782906149
3.7699111843077513,1.895735710319751
3.895574890451343,1.8637145187306716
4.0212385965949355,1.8288422695099438
4.1469023027385274,1.79204099483147
4.272566008882119,1.7540508850329248
4.39822971502571,1.7153868766432183
4.523893421169302,1.6763341555232807
4.649557127312894,1.6369833901947553
4.775220833456485,1.5973008605960477
4.900884539600077,1.5572232743055046
5.026548245743669,1.5167622802045067
5.15221195188726,1.4761004469753352
5.277875658030853,1.435660249214539
5.403539364174444,1.3961315481573138
5.529203070318036,1.3584509899056632
5.654866776461628,1.3237367719744098
5.780530482605219,1.2931913008804898
5.906194188748811,1.2679894967805359
6.031857894892402,1.2491705410439045
6.157521601035994,1.2375465232696796
6.283185307179586,1.2336352397010593
0,1.2336352397011316
0.12566370614359174,1.2376192080055313
0.25132741228718347,1.2493305882027965
0.37699111843077515,1.2682620336031967
0.5026548245743669,1.2936047626057197
0.6283185307179586,1.324314981552579
0.7539822368615503,1.3592066397743277
0.8796459430051421,1.3970625841679634
1.0053096491487339,1.4367495813069915
1.1309733552923256,1.4773183930893916
1.2566370614359172,1.5180705553190215
1.382300767579509,1.558579296063514
1.5079644737231006,1.5986615288629686
1.6336281798666925,1.6383080288838303
1.7592918860102842,1.6775867095596577
1.8849555921538756,1.7165375974335353
2.0106192982974678,1.755077638634992
2.1362830044410597,1.7929301192643918
2.261946710584651,1.8295887462864402
2.3876104167282426,1.8643212208760256
2.5132741228718345,1.8962116720098525
2.6389378290154264,1.9242357748261805
2.764601535159018,1.9473574768316197
2.8902652413026093,1.9646331785158502
3.015928947446201,1.9753088492092084
3.141592653589793,1.9788977860256676
3.267256359733385,1.9752304454341276
3.3929200658769765,1.9644716589138735
3.5185837720205684,1.947103856176116
3.6442474781641603,1.923877829061624
3.7699111843077513,1.8957357103198789
3.895574890451343,1.8637145187308046
4.0212385965949355,1.8288422695100708
4.1469023027385274,1.7920409948315987
4.272566008882119,1.7540508850330456
4.39822971502571,1.7153868766433378
4.523893421169302,1.6763341555233977
4.649557127312894,1.6369833901948696
4.775220833456485,1.5973008605961578
4.900884539600077,1.557223274305614
5.026548245743669,1.5167622802046112
5.15221195188726,1.4761004469754362
5.277875658030853,1.4356602492146397
5.403539364174444,1.3961315481574061
5.529203070318036,1.35845098990575
5.654866776461628,1.3237367719744968
5.780530482605219,1.2931913008805724
5.906194188748811,1.2679894967806158
6.031857894892402,1.2491705410439848
6.157521601035994,1.2375465232697576
6.283185307179586,1.2336352397011316
0,1.2957508148094723
0.12566370614359174,1.299698000302427
0.25132741228718347,1.3116838200148948
0.37699111843077515,1.331197931716309
0.5026548245743669,1.3574156129170167
0.6283185307179586,1.3892634602278868
0.7539822368615503,1.425512858792091
0.8796459430051421,1.46489395062817
1.0053096491487339,1.506215590547393
1.1309733552923256,1.5484716524564148
1.2566370614359172,1.5909138900280448
1.382300767579509,1.6330772757792504
1.5079644737231006,1.6747537653943922
1.6336281798666925,1.7159214543819497
1.7592918860102842,1.7566446755674623
1.8849555921538756,1.796964668764343
2.0106192982974678,1.8367999718110117
2.1362830044410597,1.8758720604965056
2.261946710584651,1.9136667417767357
2.3876104167282426,1.9494364203197083
2.5132741228718345,1.9822428098726754
2.6389378290154264,2.0110339965476696
2.764601535159018,2.0347446279562353
2.8902652413026093,2.0524046219846137
3.015928947446201,2.0632411454821438
3.141592653589793,2.066760659015418
3.267256359733385,2.062801489452633
3.3929200658769765,2.0515513808324637
3.5185837720205684,2.033528129965169
3.6442474781641603,2.0095249530884525
3.7699111843077513,1.9805261999990302
3.895574890451343,1.9476034598087932
4.0212385965949355,1.9118060441949987
4.1469023027385274,1.8740617571625122
4.272566008882119,1.8351026581663041
4.39822971502571,1.795426369229654
4.523893421169302,1.7552977309235525
4.649557127312894,1.714789832508333
4.775220833456485,1.673858369525767
4.900884539600077,1.632438776238725
5.026548245743669,1.590551482277618
5.15221195188726,1.5483976481188158
5.277875658030853,1.5064273679752813
5.403539364174444,1.4653659763240776
5.529203070318036,1.4261918182690656
5.654866776461628,1.3900688597911457
5.780530482605219,1.358246737288017
5.906194188748811,1.3319462655500327
6.031857894892402,1.3122485544333171
6.157521601035994,1.3000014761666308
6.283185307179586,1.2957508148094719
0,1.3515606723892604
0.12566370614359174,1.355418568117358
0.25132741228718347,1.3674709931273308
0.37699111843077515,1.3872235985276662
0.5026548245743669,1.413867442422154
0.6283185307179586,1.4463388671874389
0.7539822368615503,1.4834080394898264
0.8796459430051421,1.5237906540377257
1.0053096491487339,1.566269150574162
1.1309733552923256,1.6098034791168632
1.2566370614359172,1.6536102849439225
1.382300767579509,1.6971946210902311
1.5079644737231006,1.7403284261650143
1.6336281798666925,1.782981555654939
1.7592918860102842,1.8252204416448436
1.8849555921538756,1.8670942453869017
2.0106192982974678,1.908528524283274
2.1362830044410597,1.9492433377289342
2.261946710584651,1.9887079953349407
2.3876104167282426,2.026139206068891
2.5132741228718345,2.0605433584304915
2.6389378290154264,2.0907972096461847
2.764601535159018,2.115755273604666
2.8902652413026093,2.1343681359550755
3.015928947446201,2.1457949036905863
3.141592653589793,2.149494960509376
3.267256359733385,2.145287988590015
3.3929200658769765,2.133375452904306
3.5185837720205684,2.1143207648699756
3.6442474781641603,2.08898943809312
3.7699111843077513,2.058455328700542
3.895574890451343,2.0238844581438893
4.0212385965949355,1.9864127041716693
4.1469023027385274,1.9470358805328143
4.272566008882119,1.9065290547181728
4.39822971502571,1.8654066708582766
4.523893421169302,1.823927970533164
4.649557127312894,1.7821453862628256
4.775220833456485,1.7399879978732826
4.900884539600077,1.6973675802479666
5.026548245743669,1.6542908951027864
5.15221195188726,1.610959300707867
5.277875658030853,1.5678370267739319
5.403539364174444,1.5256739734216813
5.529203070318036,1.4854775491565733
5.654866776461628,1.4484387760899295
5.780530482605219,1.4158272746320026
5.906194188748811,1.3888746543494606
6.031857894892402,1.3686649322501647
6.157521601035994,1.3560449828329988
6.283185307179586,1.3515606723892604
0,1.4077765477635658
0.12566370614359174,1.4121167321295223
0.25132741228718347,1.4248058251727687
0.37699111843077515,1.4452923378112656
0.5026548245743669,1.472712032204598
0.6283185307179586,1.5059552763915804
0.7539822368615503,1.5437610629714136
0.8796459430051421,1.5848310140172388
1.0053096491487339,1.6279492404730556
1.1309733552923256,1.6720885853249403
1.2566370614359172,1.716483510041776
1.382300767579509,1.7606555764159963
1.5079644737231006,1.8043874641534736
1.6336281798666925,1.847652354291837
1.7592918860102842,1.8905138487741011
1.8849555921538756,1.9330154342805586
2.0106192982974678,1.9750779802007634
2.1362830044410597,2.0164205196046026
2.261946710584651,2.0565153602140516
2.3876104167282426,2.094584164315312
2.5132741228718345,2.1296366974029795
2.6389378290154264,2.1605480636163654
2.764601535159018,2.1861640126638138
2.8902652413026093,2.2054189908520585
3.015928947446201,2.2174497042925534
3.141592653589793,2.2216885380462466
3.267256359733385,2.2179252142311414
3.3929200658769765,2.2063299140163988
3.5185837720205684,2.187435590649037
3.6442474781641603,2.1620812744607485
3.7699111843077513,2.131322364633668
3.895574890451343,2.0963184661030603
4.0212385965949355,2.0582135510838735
4.1469023027385274,2.018025618569624
4.272566008882119,1.9765622972972043
4.39822971502571,1.934374858607388
4.523893421169302,1.891757032241226
4.649557127312894,1.8487884217548796
4.775220833456485,1.8054161417522148
4.900884539600077,1.7615626659690309
5.026548245743669,1.7172428616843152
5.15221195188726,1.6726697128494146
5.277875658030853,1.628328052714757
5.403539364174444,1.5850002533300658
5.529203070318036,1.5437371880504374
5.654866776461628,1.5057796368227832
5.780530482605219,1.4724458722714173
5.906194188748811,1.445006860458812
6.031857894892402,1.4245697125125023
6.157521601035994,1.4119838954109942
6.283185307179586,1.4077765477635653
0,1.4524287615503162
0.12566370614359174,1.4566045270768224
0.25132741228718347,1.4693139190951536
0.37699111843077515,1.4900149543347272
0.5026548245743669,1.5178430555443923
0.6283185307179586,1.5516774959982083
0.7539822368615503,1.5902357751836138
0.8796459430051421,1.632189558802216
1.0053096491487339,1.6762878873929474
1.1309733552923256,1.7214674880016712
1.2566370614359172,1.7669294293752016
1.382300767579509,1.8121671069718346
1.5079644737231006,1.856940949035949
1.6336281798666925,1.9012067300426865
1.7592918860102842,1.9450132797945163
1.8849555921538756,1.9883895461733592
2.0106192982974678,2.0312404606848498
2.1362830044410597,2.07326750334396
2.261946710584651,2.113925122862066
2.3876104167282426,2.152419182188397
2.5132741228718345,2.1877482858015056
2.6389378290154264,2.218782973140995
2.764601535159018,2.244371909812382
2.8902652413026093,2.263459814553015
3.015928947446201,2.27520029697272
3.141592653589793,2.279048335254988
3.267256359733385,2.2748208414207576
3.3929200658769765,2.262718246749318
3.5185837720205684,2.24330443828569
3.6442474781641603,2.2174467347262463
3.7699111843077513,2.1862223448842926
3.895574890451343,2.1508028436527633
4.0212385965949355,2.1123325706169633
4.1469023027385274,2.0718188526847454
4.272566008882119,2.0300504255557574
4.39822971502571,1.9875556499411509
4.523893421169302,1.9446056527491327
4.649557127312894,1.9012610998130814
4.775220833456485,1.857455703350831
4.900884539600077,1.8131045662776333
5.026548245743669,1.7682208632914391
5.15221195188726,1.7230209735280286
5.277875658030853,1.6779978204863453
5.403539364174444,1.6339464953171876
5.529203070318036,1.5919353197563184
5.654866776461628,1.5532272007647918
5.780530482605219,1.5191667183369906
5.906194188748811,1.4910542494507142
6.031857894892402,1.4700278405265659
6.157521601035994,1.4569675435781564
6.283185307179586,1.4524287615503162
0,1.4524287615502125
0.12566370614359174,1.4566045270767185
0.25132741228718347,1.4693139190950522
0.37699111843077515,1.4900149543346268
0.5026548245743669,1.5178430555442828
0.6283185307179586,1.5516774959981028
0.7539822368615503,1.5902357751835012
0.8796459430051421,1.6321895588021045
1.0053096491487339,1.6762878873928313
1.1309733552923256,1.721467488001553
1.2566370614359172,1.7669294293750721
1.382300767579509,1.8121671069717078
1.5079644737231006,1.8569409490358153
1.6336281798666925,1.9012067300425461
1.7592918860102842,1.945013279794371
1.8849555921538756,1.9883895461732115
2.0106192982974678,2.0312404606846926
2.1362830044410597,2.0732675033438035
2.261946710584651,2.1139251228619003
2.3876104167282426,2.152419182188232
2.5132741228718345,2.187748285801336
2.6389378290154264,2.2187829731408133
2.764601535159018,2.2443719098122017
2.8902652413026093,2.2634598145528333
3.015928947446201,2.2752002969725478
3.141592653589793,2.2790483352548074
3.267256359733385,2.274820841420575
3.3929200658769765,2.262718246749133
3.5185837720205684,2.2433044382855067
3.6442474781641603,2.217446734726062
3.7699111843077513,2.1862223448841154
3.895574890451343,2.1508028436525883
4.0212385965949355,2.112332570616791
4.1469023027385274,2.0718188526845744
4.272566008882119,2.0300504255555927
4.39822971502571,1.9875556499409894
4.523893421169302,1.9446056527489726
4.649557127312894,1.9012610998129238
4.775220833456485,1.857455703350682
4.900884539600077,1.813104566277487
5.026548245743669,1.768220863291298
5.15221195188726,1.7230209735278912
5.277875658030853,1.6779978204862125
5.403539364174444,1.6339464953170644
5.529203070318036,1.591935319756197
5.654866776461628,1.553227200764679
5.780530482605219,1.5191667183368804
5.906194188748811,1.4910542494506016
6.031857894892402,1.4700278405264615
6.157521601035994,1.4569675435780525
6.283185307179586,1.452428761550213
0,1.4941137667448885
0.12566370614359174,1.4985232368497419
0.25132741228718347,1.511442129248776
0.37699111843077515,1.5323134685448634
0.5026548245743669,1.5602568557779803
0.6283185307179586,1.594139244903314
0.7539822368615503,1.6326734257817155
0.8796459430051421,1.6745363767566763
1.0053096491487339,1.7184925551807706
1.1309733552923256,1.7635022936825353
1.2566370614359172,1.80879547670043
1.382300767579509,1.8538964084125291
1.5079644737231006,1.898595719087034
1.6336281798666925,1.9428761303125501
1.7592918860102842,1.9868076033794195
1.8849555921538756,2.030431800661837
2.0106192982974678,2.0736557552303743
2.1362830044410597,2.1161714449981956
2.261946710584651,2.1574131566614767
2.3876104167282426,2.196558975968313
2.5132741228718345,2.2325765973028484
2.6389378290154264,2.264307091512702
2.764601535159018,2.290574259247777
2.8902652413026093,2.3103032841231563
3.015928947446201,2.3226317569323323
3.141592653589793,2.3269986716158653
3.267256359733385,2.3232013803433533
3.3929200658769765,2.3114151300953236
3.5185837720205684,2.2921737889105454
3.6442474781641603,2.266313842329896
3.7699111843077513,2.2348873563287612
3.895574890451343,2.1990536589783454
4.0212385965949355,2.1599633687164177
4.1469023027385274,2.118650760306018
4.272566008882119,2.0759501048659383
4.39822971502571,2.0324482933116554
4.523893421169302,1.9884805863611625
4.649557127312894,1.9441700082747295
4.775220833456485,1.899504645995158
4.900884539600077,1.8544413131108664
5.026548245743669,1.8090190412374358
5.15221195188726,1.763462598509189
5.277875658030853,1.718256177078499
5.403539364174444,1.6741717332256063
5.529203070318036,1.6322450644673863
5.654866776461628,1.5937035905250068
5.780530482605219,1.5598596878037443
5.906194188748811,1.5319891310590101
6.031857894892402,1.5112141781823587
6.157521601035994,1.4984059494986701
6.283185307179586,1.4941137667448885
0,1.5210919632061861
0.12566370614359174,1.526155135054108
0.25132741228718347,1.5397815079727915
0.37699111843077515,1.561365438368922
0.5026548245743669,1.5899860852478724
0.6283185307179586,1.6244782412187215
0.7539822368615503,1.6635294303860346
0.8796459430051421,1.705796452950613
1.0053096491487339,1.7500272880498853
1.1309733552923256,1.7951690456817349
1.2566370614359172,1.8404423324107864
1.382300767579509,1.88536784795589
1.5079644737231006,1.9297407172454655
1.6336281798666925,1.97355879282105
1.7592918860102842,2.0169196492376074
1.8849555921538756,2.0599053007809567
2.0106192982974678,2.1024737898981747
2.1362830044410597,2.1443740661876753
2.261946710584651,2.1850965054405016
2.3876104167282426,2.223866671809851
2.5132741228718345,2.2596843243547045
2.6389378290154264,2.291403092282393
2.764601535159018,2.3178395419754225
2.8902652413026093,2.3378953027930245
3.015928947446201,2.3506741356280116
3.141592653589793,2.3555776841682614
3.267256359733385,2.3523680561443547
3.3929200658769765,2.341190638352288
3.5185837720205684,2.3225554411151785
3.6442474781641603,2.297279574863276
3.7699111843077513,2.26639759040915
3.895574890451343,2.231050572429285
4.0212385965949355,2.192368497669949
4.1469023027385274,2.1513622836140978
4.272566008882119,2.108841165947421
4.39822971502571,2.065367477915529
4.523893421169302,2.0212554347843694
4.649557127312894,1.9766142863553366
4.775220833456485,1.9314298814944713
4.900884539600077,1.8856725405418746
5.026548245743669,1.8394136311246216
5.15221195188726,1.7929296642268753
5.277875658030853,1.7467728893507837
5.403539364174444,1.7017925682075914
5.529203070318036,1.6591009576824554
5.654866776461628,1.6199900569762369
5.780530482605219,1.5858155795533275
5.906194188748811,1.5578699547739203
6.031857894892402,1.5372650199519964
6.157521601035994,1.5248387259519987
6.283185307179586,1.5210919632061857
0,1.543934725381538
0.12566370614359174,1.5489024749351719
0.25132741228718347,1.5623490975248622
0.37699111843077515,1.5836950525274769
0.5026548245743669,1.612044173724859
0.6283185307179586,1.646254258400832
0.7539822368615503,1.6850344817630483
0.8796459430051421,1.7270617580122567
1.0053096491487339,1.771101432602736
1.1309733552923256,1.816113190652833
1.2566370614359172,1.8613232577600525
1.382300767579509,1.9062495007733817
1.5079644737231006,1.9506754091093803
1.6336281798666925,1.9945792308337689
1.7592918860102842,2.038032765838186
1.8849555921538756,2.0810886643280058
2.0106192982974678,2.1236753747448223
2.1362830044410597,2.1655161770426905
2.261946710584651,2.206084325826776
2.3876104167282426,2.2446009979453114
2.5132741228718345,2.2800767199324796
2.6389378290154264,2.311390528868852
2.764601535159018,2.337395215355198
2.8902652413026093,2.3570330271521103
3.015928947446201,2.3694452769972667
3.141592653589793,2.37406141204611
3.267256359733385,2.370657172448252
3.3929200658769765,2.3593760386182754
3.5185837720205684,2.340712313472858
3.6442474781641603,2.315457866047215
3.7699111843077513,2.2846182511549245
3.895574890451343,2.2493078577851238
4.0212385965949355,2.2106374108719
4.1469023027385274,2.1696094066223837
4.272566008882119,2.127036811621947
4.39822971502571,2.0834972911697287
4.523893421169302,2.0393299787348966
4.649557127312894,1.994675428654015
4.775220833456485,1.949552817361361
4.900884539600077,1.9039622849331739
5.026548245743669,1.8579952316455095
5.15221195188726,1.8119325362362622
5.277875658030853,1.7663114035508787
5.403539364174444,1.721946679716933
5.529203070318036,1.6799014063341882
5.654866776461628,1.6414119213516325
5.780530482605219,1.607781812593495
5.906194188748811,1.5802637296221895
6.031857894892402,1.559947365308622
6.157521601035994,1.5476669173843145
6.283185307179586,1.543934725381538
0,1.5558963358240476
0.12566370614359174,1.559839278765278
0.25132741228718347,1.572163594850605
0.37699111843077515,1.5923638171680892
0.5026548245743669,1.6196187063454277
0.6283185307179586,1.6528536662056657
0.7539822368615503,1.6908305735968543
0.8796459430051421,1.7322590947999905
1.0053096491487339,1.7759162069410719
1.1309733552923256,1.820754902689701
1.2566370614359172,1.8659819135234734
1.382300767579509,1.9110889929935504
1.5079644737231006,1.9558317123290168
1.6336281798666925,2.0001608442654804
1.7592918860102842,2.044120831045644
1.8849555921538756,2.087735190514611
2.0106192982974678,2.1308994598858715
2.1362830044410597,2.173299381062361
2.261946710584651,2.2143669989158967
2.3876104167282426,2.253281290744744
2.5132741228718345,2.289013394452435
2.6389378290154264,2.3204098945453433
2.764601535159018,2.346301860708806
2.8902652413026093,2.365623670214789
3.015928947446201,2.3775249569228363
3.141592653589793,2.3814611555183194
3.267256359733385,2.377251943059164
3.3929200658769765,2.3651011479983044
3.5185837720205684,2.345575771656336
3.6442474781641603,2.319545855813364
3.7699111843077513,2.2880915185170596
3.895574890451343,2.252388487866635
4.0212385965949355,2.2135878114348504
4.1469023027385274,2.1727074476257395
4.272566008882119,2.1305519693983648
4.39822971502571,2.087671806588267
4.523893421169302,2.044366803461906
4.649557127312894,2.000732168373746
4.775220833456485,1.9567391833526646
4.900884539600077,1.9123384013544678
5.026548245743669,1.8675693355335705
5.15221195188726,1.8226583200162225
5.277875658030853,1.7780865296872452
5.403539364174444,1.734614276563089
5.529203070318036,1.6932556799369496
5.654866776461628,1.6552079130909463
5.780530482605219,1.621748427947128
5.906194188748811,1.5941188331574105
6.031857894892402,1.5734139358273678
6.157521601035994,1.560489617218499
6.283185307179586,1.5558963358240476
0,1.5558963358240963
0.12566370614359174,1.5598392787653341
0.25132741228718347,1.572163594850677
0.37699111843077515,1.5923638171681738
0.5026548245743669,1.6196187063455343
0.6283185307179586,1.6528536662057884
0.7539822368615503,1.6908305735969986
0.8796459430051421,1.7322590948001535
1.0053096491487339,1.7759162069412584
1.1309733552923256,1.8207549026898964
1.2566370614359172,1.8659819135236857
1.382300767579509,1.9110889929937709
1.5079644737231006,1.9558317123292512
1.6336281798666925,2.0001608442657224
1.7592918860102842,2.0441208310458987
1.8849555921538756,2.0877351905148673
2.0106192982974678,2.130899459886126
2.1362830044410597,2.1732993810626215
2.261946710584651,2.2143669989161587
2.3876104167282426,2.253281290745004
2.5132741228718345,2.2890133944526805
2.6389378290154264,2.320409894545585
2.764601535159018,2.3463018607090382
2.8902652413026093,2.3656236702150077
3.015928947446201,2.3775249569230383
3.141592653589793,2.381461155518509
3.267256359733385,2.3772519430593406
3.3929200658769765,2.365101147998464
3.5185837720205684,2.3455757716564873
3.6442474781641603,2.3195458558135007
3.7699111843077513,2.2880915185171973
3.895574890451343,2.252388487866761
4.0212385965949355,2.2135878114349743
4.1469023027385274,2.1727074476258603
4.272566008882119,2.1305519693984745
4.39822971502571,2.0876718065883813
4.523893421169302,2.04436680346202
4.649557127312894,2.000732168373854
4.775220833456485,1.9567391833527676
4.900884539600077,1.9123384013545668
5.026548245743669,1.8675693355336636
5.15221195188726,1.8226583200163151
5.277875658030853,1.7780865296873227
5.403539364174444,1.7346142765631611
5.529203070318036,1.6932556799370102
5.654866776461628,1.6552079130909971
5.780530482605219,1.6217484279471726
5.906194188748811,1.5941188331574565
6.031857894892402,1.5734139358274104
6.157521601035994,1.5604896172185387
6.283185307179586,1.555896335824096
0,1.5641881111380784
0.12566370614359174,1.5680783086357462
0.25132741228718347,1.580252234460057
0.37699111843077515,1.6001973723833038
0.5026548245743669,1.6271015736752357
0.6283185307179586,1.6599147647639747
0.7539822368615503,1.6974338969076832
0.8796459430051421,1.7384061262204966
1.0053096491487339,1.7816388764447788
1.1309733552923256,1.8261001940839012
1.2566370614359172,1.8709914215554972
1.382300767579509,1.915778019873011
1.5079644737231006,1.9601725707820559
1.6336281798666925,2.004074021407015
1.7592918860102842,2.047475990718144
1.8849555921538756,2.0903621396242076
2.0106192982974678,2.132607532273946
2.1362830044410597,2.173902381289749
2.261946710584651,2.2137099928946684
2.3876104167282426,2.251265238625978
2.5132741228718345,2.285614006992414
2.6389378290154264,2.3156881564911225
2.764601535159018,2.3404051786383153
2.8902652413026093,2.3587781509492816
3.015928947446201,2.370020482105345
3.141592653589793,2.373631468561551
3.267256359733385,2.3694519811633374
3.3929200658769765,2.357683617079158
3.5185837720205684,2.3388687650010778
3.6442474781641603,2.313833261692633
3.7699111843077513,2.283597902821507
3.895574890451343,2.249269801374553
4.0212385965949355,2.2119284977932963
4.1469023027385274,2.1725234664957567
4.272566008882119,2.1317983260482456
4.39822971502571,2.0902528213938387
4.523893421169302,2.0481476693007403
4.649557127312894,2.00555102773804
4.775220833456485,1.9624195194390255
4.900884539600077,1.9187016416640323
5.026548245743669,1.8744472159906138
5.15221195188726,1.829904024785196
5.277875658030853,1.7855832379376548
5.403539364174444,1.7422797297763717
5.529203070318036,1.7010417827574895
5.654866776461628,1.6630951179936457
5.780530482605219,1.6297355787286172
5.906194188748811,1.602210073628532
6.031857894892402,1.5816050372652872
6.157521601035994,1.5687564563020266
6.283185307179586,1.5641881111380784
0,1.5615833704344404
0.12566370614359174,1.5656927968656575
0.25132741228718347,1.5779182691270726
0.37699111843077515,1.5977366331530733
0.5026548245743669,1.6243211342463513
0.6283185307179586,1.656610498857371
0.7539822368615503,1.6934021815387617
0.8796459430051421,1.7334616626362171
1.0053096491487339,1.7756341072006816
1.1309733552923256,1.8189410767203187
1.2566370614359172,1.8626454260968175
1.382300767579509,1.906272611491003
1.5079644737231006,1.9495851276284293
1.6336281798666925,1.992516163043839
1.7592918860102842,2.0350761502150325
1.8849555921538756,2.077249968919745
2.0106192982974678,2.118902812857494
2.1362830044410597,2.1597099525141172
2.261946710584651,2.1991210078077454
2.3876104167282426,2.2363638101494696
2.5132741228718345,2.270487036515255
2.6389378290154264,2.300435074648368
2.764601535159018,2.325143887174468
2.8902652413026093,2.343643999215536
3.015928947446201,2.3551567126636237
3.141592653589793,2.3591719113416683
3.267256359733385,2.355499259626314
3.3929200658769765,2.344288037109802
3.5185837720205684,2.326013751834282
3.6442474781641603,2.301432314463699
3.7699111843077513,2.2715055940721207
3.895574890451343,2.2373059164242592
4.0212385965949355,2.1999109711138924
4.1469023027385274,2.160303427550549
4.272566008882119,2.119290076876117
4.39822971502571,2.077453006016369
4.523893421169302,2.0351406220759833
4.649557127312894,1.992500291726421
4.775220833456485,1.9495479207383644
4.900884539600077,1.9062636932300066
5.026548245743669,1.862698125131586
5.15221195188726,1.819069562992625
5.277875658030853,1.7758344647592255
5.403539364174444,1.7337160070504012
5.529203070318036,1.6936844228193841
5.654866776461628,1.6568922165710853
5.780530482605219,1.624576292507606
5.906194188748811,1.5979444273135077
6.031857894892402,1.5780640717621068
6.157521601035994,1.5657677368180551
6.283185307179586,1.5615833704344406
0,1.5512710575028585
0.12566370614359174,1.5550452414795002
0.25132741228718347,1.566841022784077
0.37699111843077515,1.5861759725620261
0.5026548245743669,1.6122687243093272
0.6283185307179586,1.6440966113102395
0.7539822368615503,1.6804791395543266
0.8796459430051421,1.7201820829854924
1.0053096491487339,1.762029871923823
1.1309733552923256,1.8050084160289135
1.2566370614359172,1.848339407784363
1.382300767579509,1.8915116075992153
1.5079644737231006,1.9342634300463948
1.6336281798666925,1.9765214472921717
1.7592918860102842,2.018308019005348
1.8849555921538756,2.059636057840597
2.0106192982974678,2.1004095846511532
2.1362830044410597,2.1403462269786924
2.261946710584651,2.178933556896157
2.3876104167282426,2.215426042024753
2.5132741228718345,2.2488836504073535
2.6389378290154264,2.278247005127749
2.764601535159018,2.3024382074606393
2.8902652413026093,2.3204723610784623
3.015928947446201,2.3315635524204814
3.141592653589793,2.335210717141235
3.267256359733385,2.331252547001402
3.3929200658769765,2.3198850930497286
3.5185837720205684,2.3016401736466165
3.6442474781641603,2.2773270134074095
3.7699111843077513,2.247943967711145
3.895574890451343,2.214571597615741
4.0212385965949355,2.1782618723110923
4.1469023027385274,2.1399396048939656
4.272566008882119,2.1003305399620427
4.39822971502571,2.0599261046756623
4.523893421169302,2.0189889973744637
4.649557127312894,1.977597927106422
4.775220833456485,1.9357246362548193
4.900884539600077,1.893331816638241
5.026548245743669,1.8504766671644959
5.15221195188726,1.8074023712600926
5.277875658030853,1.7646000892914921
5.403539364174444,1.7228283256576238
5.529203070318036,1.6830845971616115
5.654866776461628,1.646534296413864
5.780530482605219,1.614410422846877
5.906194188748811,1.5879025338892876
6.031857894892402,1.568052541458717
6.157521601035994,1.5556698028740055
6.283185307179586,1.551271057502859
0,1.5411462349045937
0.12566370614359174,1.5452970863412083
0.25132741228718347,1.5571817818354288
0.37699111843077515,1.5763134244718064
0.5026548245743669,1.6019267077172774
0.6283185307179586,1.6330322897189724
0.7539822368615503,1.668494625169216
0.8796459430051421,1.7071289386542368
1.0053096491487339,1.747806410742538
1.1309733552923256,1.7895513122367697
1.2566370614359172,1.831612437714422
1.382300767579509,1.8734949060705028
1.5079644737231006,1.9149462626348626
1.6336281798666925,1.9559002772946474
1.7592918860102842,1.9963899796690554
1.8849555921538756,2.0364463398248716
2.0106192982974678,2.0760001779314123
2.1362830044410597,2.1148031835116594
2.261946710584651,2.1523804694957644
2.3876104167282426,2.1880225278254155
2.5132741228718345,2.2208189054661944
2.6389378290154264,2.2497295806086184
2.764601535159018,2.273683787628261
2.8902652413026093,2.2916914212049853
3.015928947446201,2.3029504375984433
3.141592653589793,2.3069351179499
3.267256359733385,2.3034537785679126
3.3929200658769765,2.2926691655937637
3.5185837720205684,2.27507941937851
3.6442474781641603,2.2514619516605365
3.7699111843077513,2.2227870475918183
3.895574890451343,2.1901123817489863
4.0212385965949355,2.1544731244177893
4.1469023027385274,2.116783709499547
4.272566008882119,2.077765817387714
4.39822971502571,2.0379128892215816
4.523893421169302,1.99749565766236
4.649557127312894,1.9566070681460397
4.775220833456485,1.9152393632609284
4.900884539600077,1.8733812365720732
5.026548245743669,1.8311190848206687
5.15221195188726,1.7887243288673051
5.277875658030853,1.74670980020765
5.403539364174444,1.7058431665695166
5.529203070318036,1.66711382952405
5.654866776461628,1.6316595701449859
5.780530482605219,1.6006673838938854
5.906194188748811,1.5752667655300132
6.031857894892402,1.5564322089994076
6.157521601035994,1.5449060949522169
6.283185307179586,1.5411462349045937
0,1.541146234904649
0.12566370614359174,1.545297086341263
0.25132741228718347,1.557181781835483
0.37699111843077515,1.5763134244718568
0.5026548245743669,1.6019267077173343
0.6283185307179586,1.6330322897190304
0.7539822368615503,1.6684946251692752
0.8796459430051421,1.707128938654296
1.0053096491487339,1.7478064107425977
1.1309733552923256,1.7895513122368307
1.2566370614359172,1.8316124377144851
1.382300767579509,1.8734949060705663
1.5079644737231006,1.9149462626349263
1.6336281798666925,1.9559002772947165
1.7592918860102842,1.996389979669127
1.8849555921538756,2.0364463398249435
2.0106192982974678,2.0760001779314856
2.1362830044410597,2.1148031835117296
2.261946710584651,2.152380469495838
2.3876104167282426,2.1880225278254923
2.5132741228718345,2.2208189054662744
2.6389378290154264,2.2497295806087014
2.764601535159018,2.273683787628347
2.8902652413026093,2.2916914212050723
3.015928947446201,2.30295043759853
3.141592653589793,2.3069351179499873
3.267256359733385,2.303453778568005
3.3929200658769765,2.2926691655938534
3.5185837720205684,2.2750794193786
3.6442474781641603,2.251461951660627
3.7699111843077513,2.222787047591913
3.895574890451343,2.1901123817490777
4.0212385965949355,2.154473124417878
4.1469023027385274,2.116783709499637
4.272566008882119,2.0777658173877973
4.39822971502571,2.03791288922167
4.523893421169302,1.9974956576624443
4.649557127312894,1.9566070681461236
4.775220833456485,1.9152393632610099
4.900884539600077,1.8733812365721507
5.026548245743669,1.8311190848207402
5.15221195188726,1.788724328867376
5.277875658030853,1.7467098002077195
5.403539364174444,1.7058431665695835
5.529203070318036,1.6671138295241117
5.654866776461628,1.6316595701450476
5.780530482605219,1.6006673838939427
5.906194188748811,1.5752667655300723
6.031857894892402,1.5564322089994598
6.157521601035994,1.5449060949522726
6.283185307179586,1.5411462349046483
0,1.5279431946068278
0.12566370614359174,1.5318596362380879
0.25132741228718347,1.5433449634123217
0.37699111843077515,1.5619303617109663
0.5026548245743669,1.5868692151006774
0.6283185307179586,1.617191679554175
0.7539822368615503,1.6517831502836313
0.8796459430051421,1.6894815593270343
1.0053096491487339,1.7291820216905598
1.1309733552923256,1.7699324167090396
1.2566370614359172,1.8110025336126467
1.382300767579509,1.851913411778118
1.5079644737231006,1.8924214523521705
1.6336281798666925,1.9324612522784834
1.7592918860102842,1.972059089896516
1.8849555921538756,2.011233653110105
2.0106192982974678,2.049901515845558
2.1362830044410597,2.0878028189877686
2.261946710584651,2.1244587617318054
2.3876104167282426,2.1591676552614767
2.5132741228718345,2.1910407345734177
2.6389378290154264,2.219072954576405
2.764601535159018,2.2422384120837022
2.8902652413026093,2.2595960971363716
3.015928947446201,2.270390444351133
3.141592653589793,2.27413278726033
3.267256359733385,2.270653479243416
3.3929200658769765,2.260118885943389
3.5185837720205684,2.243011781245752
3.6442474781641603,2.2200776913130835
3.7699111843077513,2.192243633686877
3.895574890451343,2.1605194863546
4.0212385965949355,2.125895285538383
4.1469023027385274,2.089249068346709
4.272566008882119,2.051278674298909
4.39822971502571,2.0124672645887722
4.523893421169302,1.9730871101956615
4.649557127312894,1.9332405728073982
4.775220833456485,1.8929318932301078
4.900884539600077,1.8521586828166416
5.026548245743669,1.8110081881092177
5.15221195188726,1.7697412811439535
5.277875658030853,1.7288479176825695
5.403539364174444,1.6890623283323885
5.529203070318036,1.651334052890454
5.654866776461628,1.6167601629877546
5.780530482605219,1.586491794572412
5.906194188748811,1.5616319237713936
6.031857894892402,1.5431402205549987
6.157521601035994,1.531755888455293
6.283185307179586,1.5279431946068278
0,1.5115408678519104
0.12566370614359174,1.515491645365637
0.25132741228718347,1.5268277481111143
0.37699111843077515,1.5450742514705398
0.5026548245743669,1.5694831777821894
0.6283185307179586,1.5990923366119638
0.7539822368615503,1.632806603118838
0.8796459430051421,1.6694952685796798
1.0053096491487339,1.7080935718942984
1.1309733552923256,1.7476926342253547
1.2566370614359172,1.7876018605360304
1.382300767579509,1.827372154871289
1.5079644737231006,1.8667759841249174
1.6336281798666925,1.9057491047940864
1.7592918860102842,1.9443060872916826
1.8849555921538756,1.982445882028181
2.0106192982974678,2.0200641461907276
2.1362830044410597,2.0568866055313544
2.261946710584651,2.092433534074638
2.3876104167282426,2.126020446111151
2.5132741228718345,2.1567948173455735
2.6389378290154264,2.1838034513853573
2.764601535159018,2.206080610167704
2.8902652413026093,2.2227441247288646
3.015928947446201,2.2330860845955107
3.141592653589793,2.2366463479639718
3.267256359733385,2.233260248416014
3.3929200658769765,2.223075472647913
3.5185837720205684,2.206536495880099
3.6442474781641603,2.184338163243452
3.7699111843077513,2.1573533131743936
3.895574890451343,2.126542839790634
4.0212385965949355,2.0928597608295387
4.1469023027385274,2.0571606967334395
4.272566008882119,2.020137784135754
4.39822971502571,1.9822812422953193
4.523893421169302,1.943878183844731
4.649557127312894,1.9050477925537823
4.775220833456485,1.8658075091762718
4.900884539600077,1.8261598882358197
5.026548245743669,1.7861858026001878
5.15221195188726,1.746127469849765
5.277875658030853,1.706445369317448
5.403539364174444,1.6678371855226635
5.529203070318036,1.6312141024255955
5.654866776461628,1.5976384304713824
5.780530482605219,1.5682341610002126
5.906194188748811,1.5440862723383466
6.031857894892402,1.5261443948397202
6.157521601035994,1.5151425113751438
6.283185307179586,1.51154086785191
0,1.489770422307348
0.12566370614359174,1.4932676884723823
0.25132741228718347,1.5038210769357676
0.37699111843077515,1.5209959663004682
0.5026548245743669,1.5440999881637378
0.6283185307179586,1.5722376470984991
0.7539822368615503,1.604386385310492
0.8796459430051421,1.6394882300942257
1.0053096491487339,1.6765456605860174
1.1309733552923256,1.7147064364809081
1.2566370614359172,1.7533219759067582
1.382300767579509,1.7919681463559882
1.5079644737231006,1.8304249201607026
1.6336281798666925,1.8686198493410773
1.7592918860102842,1.9065471977386452
1.8849555921538756,1.9441782317825385
2.0106192982974678,1.9813784060710704
2.1362830044410597,2.0178448361282713
2.261946710584651,2.0530736463261405
2.3876104167282426,2.08636225079597
2.5132741228718345,2.1168466540911397
2.6389378290154264,2.1435687297088535
2.764601535159018,2.1655638533486754
2.8902652413026093,2.1819562578362373
3.015928947446201,2.1920487939907995
3.141592653589793,2.1953953887330386
3.267256359733385,2.191847585795927
3.3929200658769765,2.181570126401695
3.5185837720205684,2.1650239746952464
3.6442474781641603,2.1429185116181597
3.7699111843077513,2.1161380730886163
3.895574890451343,2.0856515677396246
4.0212385965949355,2.0524169517979094
4.1469023027385274,2.017293859802163
4.272566008882119,1.9809769244760174
4.39822971502571,1.9439592742375438
4.523893421169302,1.9065311428559368
4.649557127312894,1.8688134545815243
4.775220833456485,1.830821311201605
4.900884539600077,1.7925477587501664
5.026548245743669,1.7540543557671011
5.15221195188726,1.715552688390935
5.277875658030853,1.677461238225151
5.403539364174444,1.6404257532617814
5.529203070318036,1.6052982473682085
5.654866776461628,1.573078308229047
5.780530482605219,1.5448279655136155
5.906194188748811,1.5215755808546063
6.031857894892402,1.504223990913181
6.157521601035994,1.4934741996401188
6.283185307179586,1.489770422307348
0,1.4710807726442554
0.12566370614359174,1.4748624044432475
0.25132741228718347,1.485397947758914
0.37699111843077515,1.502251224501245
0.5026548245743669,1.5247473039835857
0.6283185307179586,1.5520229688711364
0.7539822368615503,1.5830968046152203
0.8796459430051421,1.616954166611791
1.0053096491487339,1.6526371825101258
1.1309733552923256,1.689326043699334
1.2566370614359172,1.7263971023275526
1.382300767579509,1.763446531886893
1.5079644737231006,1.8002747931229566
1.6336281798666925,1.8368349484347317
1.7592918860102842,1.8731547665311983
1.8849555921538756,1.9092469510098724
2.0106192982974678,1.945023184073141
2.1362830044410597,1.9802263841924728
2.261946710584651,2.0143923662866157
2.3876104167282426,2.046847549455328
2.5132741228718345,2.076743865599348
2.6389378290154264,2.103126117546315
2.764601535159018,2.1250217024103715
2.8902652413026093,2.141539102077575
3.015928947446201,2.15196072858333
3.141592653589793,2.1558175633822474
3.267256359733385,2.1529366240306147
3.3929200658769765,2.143456417896261
3.5185837720205684,2.127809390292007
3.6442474781641603,2.10667380909376
3.7699111843077513,2.080900802736362
3.895574890451343,2.051425467578835
4.0212385965949355,2.0191736399552793
4.1469023027385274,1.9849772479293317
4.272566008882119,1.9495104035640873
4.39822971502571,1.913255468122351
4.523893421169302,1.8765037970445144
4.649557127312894,1.839390630434651
4.775220833456485,1.8019583939864907
4.900884539600077,1.7642380450365178
5.026548245743669,1.7263345838873714
5.15221195188726,1.6885012336600673
5.277875658030853,1.6511879417814617
5.403539364174444,1.6150542022562933
5.529203070318036,1.580943178685653
5.654866776461628,1.549822036298822
5.780530482605219,1.5226999514709267
5.906194188748811,1.5005384726651807
6.031857894892402,1.4841680250201785
6.157521601035994,1.4742202658173056
6.283185307179586,1.4710807726442547
0,1.4710807726439343
0.12566370614359174,1.4748624044429286
0.25132741228718347,1.485397947758598
0.37699111843077515,1.502251224500921
0.5026548245743669,1.5247473039832593
0.6283185307179586,1.5520229688708103
0.7539822368615503,1.583096804614885
0.8796459430051421,1.616954166611447
1.0053096491487339,1.6526371825097763
1.1309733552923256,1.6893260436989723
1.2566370614359172,1.7263971023271814
1.382300767579509,1.7634465318865138
1.5079644737231006,1.8002747931225698
1.6336281798666925,1.8368349484343334
1.7592918860102842,1.873154766530793
1.8849555921538756,1.9092469510094572
2.0106192982974678,1.9450231840727195
2.1362830044410597,1.9802263841920422
2.261946710584651,2.0143923662861782
2.3876104167282426,2.0468475494548786
2.5132741228718345,2.0767438655988886
2.6389378290154264,2.103126117545852
2.764601535159018,2.125021702409899
2.8902652413026093,2.1415391020770995
3.015928947446201,2.1519607285828504
3.141592653589793,2.1558175633817687
3.267256359733385,2.1529366240301306
3.3929200658769765,2.1434564178957816
3.5185837720205684,2.127809390291531
3.6442474781641603,2.106673809093284
3.7699111843077513,2.0809008027358944
3.895574890451343,2.05142546757837
4.0212385965949355,2.0191736399548197
4.1469023027385274,1.9849772479288803
4.272566008882119,1.949510403563641
4.39822971502571,1.9132554681219172
4.523893421169302,1.8765037970440874
4.649557127312894,1.8393906304342342
4.775220833456485,1.8019583939860833
4.900884539600077,1.7642380450361206
5.026548245743669,1.7263345838869828
5.15221195188726,1.688501233659684
5.277875658030853,1.651187941781091
5.403539364174444,1.61505420225593
5.529203070318036,1.5809431786853
5.654866776461628,1.5498220362984776
5.780530482605219,1.5226999514705921
5.906194188748811,1.5005384726648507
6.031857894892402,1.484168025019856
6.157521601035994,1.474220265816984
6.283185307179586,1.4710807726439343
0,1.3744597786414336
0.12566370614359174,1.3773064163805462
0.25132741228718347,1.3861907316935345
0.37699111843077515,1.4007504555307497
0.5026548245743669,1.4203994654385972
0.6283185307179586,1.4443753469181824
0.7539822368615503,1.471805418691138
0.8796459430051421,1.5017855943716063
1.0053096491487339,1.5334621226996246
1.1309733552923256,1.5661033396229602
1.2566370614359172,1.5991486896796827
1.382300767579509,1.6322259313588179
1.5079644737231006,1.6651337398999313
1.6336281798666925,1.697793983821948
1.7592918860102842,1.7301837575522254
1.8849555921538756,1.762260445753407
2.0106192982974678,1.7938933560879986
2.1362830044410597,1.824813331301161
2.261946710584651,1.8545881420004464
2.3876104167282426,1.882627163959564
2.5132741228718345,1.9082144004846437
2.6389378290154264,1.930564773067321
2.764601535159018,1.9488953232750783
2.8902652413026093,1.962501135307242
3.015928947446201,1.9708257268490386
3.141592653589793,1.9735171711294757
3.267256359733385,1.9704636618156142
3.3929200658769765,1.9618049027997997
3.5185837720205684,1.9479182159140287
3.6442474781641603,1.9293806701050191
3.7699111843077513,1.9069110905637516
3.895574890451343,1.881298524004626
4.0212385965949355,1.8533261673408323
4.1469023027385274,1.8237011385160933
4.272566008882119,1.7930001333785959
4.39822971502571,1.7616388637294387
4.523893421169302,1.7298696847208457
4.649557127312894,1.697807712336943
4.775220833456485,1.665481573186471
4.900884539600077,1.6329010615446997
5.026548245743669,1.6001307707190993
5.15221195188726,1.5673568644695506
5.277875658030853,1.5349343949924377
5.403539364174444,1.5034055194770046
5.529203070318036,1.4734843796981687
5.654866776461628,1.4460110525778067
5.780530482605219,1.4218829619663838
5.906194188748811,1.401975682641883
6.031857894892402,1.3870653044731243
6.157521601035994,1.3777619110368797
6.283185307179586,1.3744597786414336
0,1.2653743185315722
0.12566370614359174,1.268023322189073
0.25132741228718347,1.275783499806272
0.37699111843077515,1.2883333025478314
0.5026548245743669,1.3051680226972229
0.6283185307179586,1.3256413189433587
0.7539822368615503,1.3490211634842095
0.8796459430051421,1.374555160482764
1.0053096491487339,1.4015370288960673
1.1309733552923256,1.4293640597786577
1.2566370614359172,1.45757567449794
1.382300767579509,1.4858661325436051
1.5079644737231006,1.5140692902623885
1.6336281798666925,1.5421187472513223
1.7592918860102842,1.5699912986681053
1.8849555921538756,1.5976443427566784
2.0106192982974678,1.6249584450727788
2.1362830044410597,1.6516948662363042
2.261946710584651,1.677475027233957
2.3876104167282426,1.7017851665563524
2.5132741228718345,1.7240053757627785
2.6389378290154264,1.7434583806477275
2.764601535159018,1.7594705297330182
2.8902652413026093,1.7714360264630336
3.015928947446201,1.7788756922086808
3.141592653589793,1.7814831579700365
3.267256359733385,1.7791536750192514
3.3929200658769765,1.771993037781131
3.5185837720205684,1.760306099299824
3.6442474781641603,1.7445661201842306
3.7699111843077513,1.7253680046171385
3.895574890451343,1.7033704596299224
4.0212385965949355,1.679234006628359
4.1469023027385274,1.6535630146215499
4.272566008882119,1.6268599587272925
4.39822971502571,1.599498704836271
4.523893421169302,1.5717209685915665
4.649557127312894,1.543656645291047
4.775220833456485,1.5153649603642785
4.900884539600077,1.486889831781618
5.026548245743669,1.4583200071931846
5.15221195188726,1.4298430844205765
5.277875658030853,1.4017830467476387
5.403539364174444,1.3746136904723543
5.529203070318036,1.3489448951213905
5.654866776461628,1.3254840117069415
5.780530482605219,1.3049792754622311
5.906194188748811,1.288154818822412
6.031857894892402,1.2756470111392864
6.157521601035994,1.2679498718516435
6.283185307179586,1.2653743185315727
0,1.1517766588948464
0.12566370614359174,1.154133689001186
0.25132741228718347,1.1608088142996036
0.37699111843077515,1.171534283479062
0.5026548245743669,1.1858961851796759
0.6283185307179586,1.2033660891605726
0.7539822368615503,1.223343528536564
0.8796459430051421,1.245206248045188
1.0053096491487339,1.2683626132452366
1.1309733552923256,1.2922986306484185
1.2566370614359172,1.316611662602275
1.382300767579509,1.341024596120864
1.5079644737231006,1.365377650930397
1.6336281798666925,1.389599274558379
1.7592918860102842,1.4136615325312714
1.8849555921538756,1.4375281408611742
2.0106192982974678,1.4611043717350796
2.1362830044410597,1.4841975284719167
2.261946710584651,1.5064948308871764
2.3876104167282426,1.5275627298329837
2.5132741228718345,1.546868240418133
2.6389378290154264,1.5638193143716697
2.764601535159018,1.577818198321255
2.8902652413026093,1.5883198095741777
3.015928947446201,1.594886796803288
3.141592653589793,1.5972340394811857
3.267256359733385,1.5952573448267409
3.3929200658769765,1.5890433816928573
3.5185837720205684,1.5788600398816606
3.6442474781641603,1.5651283740376132
3.7699111843077513,1.5483792361861402
3.895574890451343,1.529199672066782
4.0212385965949355,1.5081759035220128
4.1469023027385274,1.4858407417908093
4.272566008882119,1.4626330904424383
4.39822971502571,1.438875619115248
4.523893421169302,1.4147739422828411
4.649557127312894,1.3904372263689875
4.775220833456485,1.3659166510432497
4.900884539600077,1.3412550888327661
5.026548245743669,1.3165392154276938
5.15221195188726,1.2919444822016692
5.277875658030853,1.267764345716976
5.403539364174444,1.24441793300201
5.529203070318036,1.2224344918662615
5.654866776461628,1.202417558785856
5.780530482605219,1.184995525462074
5.906194188748811,1.1707671601357217
6.031857894892402,1.1602502687463598
6.157521601035994,1.1538395281521476
6.283185307179586,1.1517766588948462
0,1.0536313130302466
0.12566370614359174,1.05567069633542
0.25132741228718347,1.0614604159489207
0.37699111843077515,1.0707669363670687
0.5026548245743669,1.0832276188413823
0.6283185307179586,1.098379452431141
0.7539822368615503,1.1156973704444222
0.8796459430051421,1.134638976089598
1.0053096491487339,1.1546903772991923
1.1309733552923256,1.1754063804893626
1.2566370614359172,1.1964383180845355
1.382300767579509,1.2175445701394765
1.5079644737231006,1.2385820082070067
1.6336281798666925,1.2594802657196813
1.7592918860102842,1.2802039313172897
1.8849555921538756,1.300709741767459
2.0106192982974678,1.3209063573499547
2.1362830044410597,1.3406234933737817
2.261946710584651,1.359595424518308
2.3876104167282426,1.3774615420860903
2.5132741228718345,1.39378402881597
2.6389378290154264,1.4080801273531953
2.764601535159018,1.419864303721437
2.8902652413026093,1.4286942569857344
3.015928947446201,1.434214452793623
3.141592653589793,1.4361916028752926
3.267256359733385,1.434537933426911
3.3929200658769765,1.4293197619422855
3.5185837720205684,1.4207505595494079
3.6442474781641603,1.4091692662378128
3.7699111843077513,1.3950062215035213
3.895574890451343,1.378740668508005
4.0212385965949355,1.3608551784373166
4.1469023027385274,1.3417931571424748
4.272566008882119,1.3219254986288589
4.39822971502571,1.3015313154806816
4.523893421169302,1.2807956553080708
4.649557127312894,1.259824538946125
4.775220833456485,1.2386749122755207
4.900884539600077,1.2173945577387697
5.026548245743669,1.196065050479157
5.15221195188726,1.174839899993257
5.277875658030853,1.1539704874287788
5.403539364174444,1.1338144512494779
5.529203070318036,1.1148245101837242
5.654866776461628,1.0975195755678184
5.780530482605219,1.0824433452173265
5.906194188748811,1.0701174540041034
6.031857894892402,1.060996269258477
6.157521601035994,1.0554288532452327
6.283185307179586,1.0536313130302466
