% Model,Supported-Internal.mph
% Version,COMSOL 5.4.0.225
% Date,"Aug 12 2022, 20:19"
% Dimension,1
% Nodes,1530
% Expressions,1
% Description,Radiation pattern
% theta,r
0,0.4505951760694737
0.12566370614359174,0.45028464223783665
0.25132741228718347,0.4498560418337348
0.37699111843077515,0.44988425691659695
0.5026548245743669,0.45122486030743936
0.6283185307179586,0.4548622444699723
0.7539822368615503,0.461688766982119
0.8796459430051421,0.47226939278805213
1.0053096491487339,0.4866877234934238
1.1309733552923256,0.5045517119326892
1.2566370614359172,0.5251589309875855
1.382300767579509,0.5477419868075133
1.5079644737231006,0.5716918927637284
1.6336281798666925,0.5966892809875324
1.7592918860102842,0.6227205186559138
1.8849555921538756,0.6499890545046603
2.0106192982974678,0.6787491266334547
2.1362830044410597,0.7090999106919724
2.261946710584651,0.7407896417966944
2.3876104167282426,0.7730855473194452
2.5132741228718345,0.8047547770520619
2.6389378290154264,0.8341703968681149
2.764601535159018,0.8595174642351762
2.8902652413026093,0.8790469683408052
3.015928947446201,0.8913209267616298
3.141592653589793,0.8954059340659504
3.267256359733385,0.8909922775901197
3.3929200658769765,0.8784307563643291
3.5185837720205684,0.8586866637470678
3.6442474781641603,0.8332141429722273
3.7699111843077513,0.8037609313706062
3.895574890451343,0.772127151830714
4.0212385965949355,0.7399193660760203
4.1469023027385274,0.7083529076448063
4.272566008882119,0.6781505422875286
4.39822971502571,0.6495604212296239
4.523893421169302,0.6224808581235519
4.649557127312894,0.5966508075931307
4.775220833456485,0.571853921982291
4.900884539600077,0.54808781574504
5.026548245743669,0.5256587114376302
5.15221195188726,0.5051707115876277
5.277875658030853,0.48739555741128243
5.403539364174444,0.47304398888074595
5.529203070318036,0.4625111031114982
5.654866776461628,0.45570411045446363
5.780530482605219,0.45203787876675205
5.906194188748811,0.4505987641344586
6.031857894892402,0.4503925368294926
6.157521601035994,0.45057328994882745
6.283185307179586,0.4505951760694736
0,0.4301990993677976
0.12566370614359174,0.4301419261795674
0.25132741228718347,0.4303101899587028
0.37699111843077515,0.4311275205803128
0.5026548245743669,0.43326181550928927
0.6283185307179586,0.43749357907192893
0.7539822368615503,0.44452874682368954
0.8796459430051421,0.4548065472750047
1.0053096491487339,0.4683803259510562
1.1309733552923256,0.48492949546473074
1.2566370614359172,0.5038972166204656
1.382300767579509,0.5246876500372784
1.5079644737231006,0.5468402214911252
1.6336281798666925,0.5701244473671052
1.7592918860102842,0.5945378712569027
1.8849555921538756,0.6202189159883725
2.0106192982974678,0.6473022912566759
2.1362830044410597,0.6757532297630614
2.261946710584651,0.7052222425437555
2.3876104167282426,0.734961272667196
2.5132741228718345,0.763829442900395
2.6389378290154264,0.7903922556955022
2.764601535159018,0.8130914532140193
2.8902652413026093,0.8304460044790035
3.015928947446201,0.8412436641754684
3.141592653589793,0.844693451989356
3.267256359733385,0.8405233241750824
3.3929200658769765,0.8290169799027233
3.5185837720205684,0.8109874222096399
3.6442474781641603,0.7876860920932496
3.7699111843077513,0.7606507617222278
3.895574890451343,0.7315065736848919
4.0212385965949355,0.7017509621823451
4.1469023027385274,0.6725669084533097
4.272566008882119,0.6447097765316048
4.39822971502571,0.6184954523891135
4.523893421169302,0.5938873095587617
4.649557127312894,0.5706510815717192
4.775220833456485,0.548532415100106
4.900884539600077,0.5274129616926471
5.026548245743669,0.5074097602706571
5.15221195188726,0.4888930917438839
5.277875658030853,0.4724116000715662
5.403539364174444,0.45853668047973956
5.529203070318036,0.4476712545980642
5.654866776461628,0.4398953543407381
5.780530482605219,0.4349161758124473
5.906194188748811,0.43214380141456166
6.031857894892402,0.4308537630068778
6.157521601035994,0.4303678319889827
6.283185307179586,0.4301990993677978
0,0.4068923268752056
0.12566370614359174,0.40729272012930046
0.25132741228718347,0.40831909345276096
0.37699111843077515,0.4103347383865909
0.5026548245743669,0.41387555631501377
0.6283185307179586,0.4195251775288239
0.7539822368615503,0.4277600790065212
0.8796459430051421,0.4388106355080858
1.0053096491487339,0.45259416760872834
1.1309733552923256,0.4687518847671701
1.2566370614359172,0.48677388830015333
1.382300767579509,0.5061582041271586
1.5079644737231006,0.5265436872616075
1.6336281798666925,0.5477770592677735
1.7592918860102842,0.5699017304384582
1.8849555921538756,0.5930770591085783
2.0106192982974678,0.6174497140414633
2.1362830044410597,0.6430076013750571
2.261946710584651,0.6694527614846127
2.3876104167282426,0.6961291320830777
2.5132741228718345,0.7220295693221905
2.6389378290154264,0.7458850316032978
2.764601535159018,0.7663157337345562
2.8902652413026093,0.7820095966517338
3.015928947446201,0.7918921717001848
3.141592653589793,0.7952613276749866
3.267256359733385,0.7918720996167662
3.3929200658769765,0.7819661428486014
3.5185837720205684,0.7662445097755398
3.6442474781641603,0.7457845341451853
3.7699111843077513,0.7219058118546101
3.895574890451343,0.6959993542777554
4.0212385965949355,0.6693464427617299
4.1469023027385274,0.6429634457815023
4.272566008882119,0.6175083443050691
4.39822971502571,0.5932705236913257
4.523893421169302,0.5702421218347469
4.649557127312894,0.5482472421368585
4.775220833456485,0.5270932185233437
4.900884539600077,0.5067069182448963
5.026548245743669,0.4872242032977731
5.15221195188726,0.46900861857989623
5.277875658030853,0.4525878154607584
5.403539364174444,0.43851751892522056
5.529203070318036,0.42721212568751304
5.654866776461628,0.4188048991921049
5.780530482605219,0.41309769750178044
5.906194188748811,0.4096216837956841
6.031857894892402,0.40777847834130176
6.157521601035994,0.40700229867444365
6.283185307179586,0.4068923268752055
0,0.3880304471773461
0.12566370614359174,0.38836530491305704
0.25132741228718347,0.38963169690518173
0.37699111843077515,0.3921387919646645
0.5026548245743669,0.39631245930248676
0.6283185307179586,0.40258512195181284
0.7539822368615503,0.41127072762880373
0.8796459430051421,0.4224643604527435
1.0053096491487339,0.43600695892206076
1.1309733552923256,0.45153219219330076
1.2566370614359172,0.46857667722972085
1.382300767579509,0.4867095240430325
1.5079644737231006,0.5056354355978352
1.6336281798666925,0.5252417237430835
1.7592918860102842,0.5455803517156257
1.8849555921538756,0.5667927633895854
2.0106192982974678,0.5889965115414708
2.1362830044410597,0.6121604388519881
2.261946710584651,0.6359995833056002
2.3876104167282426,0.6599192347375257
2.5132741228718345,0.6830268672443628
2.6389378290154264,0.7042126479202868
2.764601535159018,0.7222807047109912
2.8902652413026093,0.7361020527499716
3.015928947446201,0.7447593679845332
3.141592653589793,0.7476611210508363
3.267256359733385,0.744612343336483
3.3929200658769765,0.7358368812456966
3.5185837720205684,0.7219501565402091
3.6442474781641603,0.7038841245144138
3.7699111843077513,0.6827703985770612
3.895574890451343,0.6597950641328217
4.0212385965949355,0.6360480131363958
4.1469023027385274,0.6123961063601189
4.272566008882119,0.5894079470122918
4.39822971502571,0.567346555287392
4.523893421169302,0.5462282956550214
4.649557127312894,0.5259293163946062
4.775220833456485,0.5063106249722897
4.900884539600077,0.4873310085893872
5.026548245743669,0.4691207806471602
5.15221195188726,0.45199660166623756
5.277875658030853,0.4364091960639427
5.403539364174444,0.42283375393813205
5.529203070318036,0.41163526534418654
5.654866776461628,0.4029577893219479
5.780530482605219,0.39668311236534776
5.906194188748811,0.3924755257315367
6.031857894892402,0.3898910926325761
6.157521601035994,0.3885070104055882
6.283185307179586,0.3880304471773461
0,0.37299935790648603
0.12566370614359174,0.37360205872435664
0.25132741228718347,0.37535122478181826
0.37699111843077515,0.3784657510572851
0.5026548245743669,0.3832539352516549
0.6283185307179586,0.39001954962794505
0.7539822368615503,0.39895933253507343
0.8796459430051421,0.41008692149976844
1.0053096491487339,0.4232144077207099
1.1309733552923256,0.438000623039457
1.2566370614359172,0.45404655262398896
1.382300767579509,0.4710003302725549
1.5079644737231006,0.4886351320587612
1.6336281798666925,0.506877634660127
1.7592918860102842,0.5257822583480184
1.8849555921538756,0.5454604306137392
2.0106192982974678,0.5659831590722061
2.1362830044410597,0.58728026068408
2.261946710584651,0.6090609066755377
2.3876104167282426,0.6307765382681768
2.5132741228718345,0.6516378878305776
2.6389378290154264,0.6706845755149594
2.764601535159018,0.6868929741999795
2.8902652413026093,0.6993003728683231
3.015928947446201,0.707122890971425
3.141592653589793,0.7098495628201102
3.267256359733385,0.7073019700313675
3.3929200658769765,0.6996545978896227
3.5185837720205684,0.6874146453107415
3.6442474781641603,0.6713624695132697
3.7699111843077513,0.6524573434124326
3.895574890451343,0.6317190575978675
4.0212385965949355,0.6101031412129286
4.1469023027385274,0.5883927919296846
4.272566008882119,0.5671300638976466
4.39822971502571,0.5466006942188186
4.523893421169302,0.5268733746992306
4.649557127312894,0.5078805300837713
4.775220833456485,0.48951861787686135
4.900884539600077,0.4717432869524685
5.026548245743669,0.45463709947827813
5.15221195188726,0.43843319167258965
5.277875658030853,0.4234870763815937
5.403539364174444,0.410201615149092
5.529203070318036,0.39892594216342175
5.654866776461628,0.38986213508230755
5.780530482605219,0.3830147437962117
5.906194188748811,0.37820286204614245
6.031857894892402,0.37512860622150934
6.157521601035994,0.37347480267199296
6.283185307179586,0.37299935790648603
0,0.3625440553239452
0.12566370614359174,0.3631798868366165
0.25132741228718347,0.36511613404888843
0.37699111843077515,0.3685291600036677
0.5026548245743669,0.3736477942238171
0.6283185307179586,0.3806744766781446
0.7539822368615503,0.389707021702598
0.8796459430051421,0.4006882219075852
1.0053096491487339,0.41340367426691427
1.1309733552923256,0.42752987802150666
1.2566370614359172,0.44271431468582684
1.382300767579509,0.45865814888548473
1.5079644737231006,0.4751743687038034
1.6336281798666925,0.49220526576274326
1.7592918860102842,0.5097962049905462
1.8849555921538756,0.5280332947287132
2.0106192982974678,0.5469599212175155
2.1362830044410597,0.5664916319139608
2.261946710584651,0.5863502739928504
2.3876104167282426,0.6060352848609509
2.5132741228718345,0.6248418272842479
2.6389378290154264,0.6419237648644801
2.764601535159018,0.656388394854558
2.8902652413026093,0.6674035507118093
3.015928947446201,0.6742977386651668
3.141592653589793,0.6766387449472397
3.267256359733385,0.6742823464099403
3.3929200658769765,0.6673876639551124
3.5185837720205684,0.6563985516959409
3.6442474781641603,0.6419923214288202
3.7699111843077513,0.6249998698870353
3.895574890451343,0.606305919298016
4.0212385965949355,0.5867437959399925
4.1469023027385274,0.5670034039413743
4.272566008882119,0.5475708350062086
4.39822971502571,0.528711995348327
4.523893421169302,0.5105021947992096
4.649557127312894,0.4928925317240591
4.775220833456485,0.4757957939943203
4.900884539600077,0.45917111204779226
5.026548245743669,0.4430873007423713
5.15221195188726,0.42774884813257447
5.277875658030853,0.41347597551266185
5.403539364174444,0.4006417459314758
5.529203070318036,0.38958368035224133
5.654866776461628,0.3805195843319819
5.780530482605219,0.3734992755002605
5.906194188748811,0.3684109118232559
6.031857894892402,0.3650377695856176
6.157521601035994,0.3631417653007436
6.283185307179586,0.36254405532394524
0,0.3514723653825841
0.12566370614359174,0.35249194506083825
0.25132741228718347,0.3548285033504696
0.37699111843077515,0.3585999282855801
0.5026548245743669,0.36395864296818836
0.6283185307179586,0.3710279357528089
0.7539822368615503,0.37984181192482963
0.8796459430051421,0.3903094934543338
1.0053096491487339,0.40221908058544653
1.1309733552923256,0.4152804278060164
1.2566370614359172,0.42919204845990744
1.382300767579509,0.443708707134106
1.5079644737231006,0.45868798120739207
1.6336281798666925,0.47410244063815526
1.7592918860102842,0.4900143494621907
1.8849555921538756,0.5065187854555679
2.0106192982974678,0.5236679518044436
2.1362830044410597,0.5413941374369591
2.261946710584651,0.5594504721965595
2.3876104167282426,0.5773858568303819
2.5132741228718345,0.594562684153617
2.6389378290154264,0.6102150832534414
2.764601535159018,0.6235353364569904
2.8902652413026093,0.6337705685262118
3.015928947446201,0.6403121042036513
3.141592653589793,0.6427645002790109
3.267256359733385,0.6409871899846652
3.3929200658769765,0.635106410577896
3.5185837720205684,0.6254977813451155
3.6442474781641603,0.6127414168396402
3.7699111843077513,0.5975534083346695
3.895574890451343,0.5807009470554656
4.0212385965949355,0.5629128511451873
4.1469023027385274,0.5448008020880437
4.272566008882119,0.5268067125194021
4.39822971502571,0.5091870118552386
4.523893421169302,0.4920361994223515
4.649557127312894,0.4753426090238388
4.775220833456485,0.45906196911365527
4.900884539600077,0.44319065599640883
5.026548245743669,0.42782061566831053
5.15221195188726,0.41316141270571993
5.277875658030853,0.3995218516385844
5.403539364174444,0.3872542340292313
5.529203070318036,0.3766770154257803
5.654866776461628,0.368001757408184
5.780530482605219,0.36129133804906527
5.906194188748811,0.3564649861002201
6.031857894892402,0.35334638273917246
6.157521601035994,0.35173459394891043
6.283185307179586,0.3514723653825841
0,0.34028022666927393
0.12566370614359174,0.3408106463171103
0.25132741228718347,0.3427828848846282
0.37699111843077515,0.346298165598775
0.5026548245743669,0.3514705311051473
0.6283185307179586,0.35837616658616483
0.7539822368615503,0.36700680947388803
0.8796459430051421,0.37724428731599907
1.0053096491487339,0.38886721562359866
1.1309733552923256,0.40158919972321144
1.2566370614359172,0.4151159527820586
1.382300767579509,0.42920230867809145
1.5079644737231006,0.4436912530251574
1.6336281798666925,0.4585238035691055
1.7592918860102842,0.47371724090626566
1.8849555921538756,0.48931708479636776
2.0106192982974678,0.5053341238535981
2.1362830044410597,0.5216813268349813
2.261946710584651,0.5381261079530653
2.3876104167282426,0.5542705806637513
2.5132741228718345,0.5695661836382055
2.6389378290154264,0.5833608886245659
2.764601535159018,0.5949697249304116
2.8902652413026093,0.6037550082959483
3.015928947446201,0.6092023497443317
3.141592653589793,0.6109813271758608
3.267256359733385,0.6089837257614081
3.3929200658769765,0.6033358475499601
3.5185837720205684,0.5943839951000787
3.6442474781641603,0.5826543774008975
3.7699111843077513,0.5687913022298705
3.895574890451343,0.5534810386948023
4.0212385965949355,0.5373725094366393
4.1469023027385274,0.5210084073246108
4.272566008882119,0.5047797227958456
4.39822971502571,0.4889123131013334
4.523893421169302,0.473486988311681
4.649557127312894,0.45848686357192375
4.775220833456485,0.44385977032316953
4.900884539600077,0.42958066761636976
5.026548245743669,0.41569939252155785
5.15221195188726,0.40236235101949075
5.277875658030853,0.3898026037533237
5.403539364174444,0.37830090342752365
5.529203070318036,0.3681292433562721
5.654866776461628,0.3594953228855805
5.780530482605219,0.3525071409464729
5.906194188748811,0.34716974444706955
6.031857894892402,0.3434135521533421
6.157521601035994,0.34114192005978355
6.283185307179586,0.3402802266692739
0,0.3383593722040262
0.12566370614359174,0.33907170409766163
0.25132741228718347,0.3411703794069364
0.37699111843077515,0.3447194131630265
0.5026548245743669,0.349787133861808
0.6283185307179586,0.35640649131284385
0.7539822368615503,0.3645403298914051
0.8796459430051421,0.3740648669323036
1.0053096491487339,0.3847792206534988
1.1309733552923256,0.39643941565962804
1.2566370614359172,0.40880603955285144
1.382300767579509,0.4216898691702049
1.5079644737231006,0.4349808780041436
1.6336281798666925,0.4486516293093482
1.7592918860102842,0.4627334337032258
1.8849555921538756,0.47727056732021944
2.0106192982974678,0.49226309444014266
2.1362830044410597,0.5076117947557085
2.261946710584651,0.5230788139665191
2.3876104167282426,0.5382745487480912
2.5132741228718345,0.5526753220609542
2.6389378290154264,0.5656691635874844
2.764601535159018,0.576620791478928
2.8902652413026093,0.584943610829911
3.015928947446201,0.5901667342890347
3.141592653589793,0.5919877373356883
3.267256359733385,0.5903054127110368
3.3929200658769765,0.5852298245652463
3.5185837720205684,0.5770690777133779
3.6442474781641603,0.5662939260412929
3.7699111843077513,0.5534834891258577
3.895574890451343,0.5392583307240109
4.0212385965949355,0.5242104455080531
4.1469023027385274,0.5088419273341929
4.272566008882119,0.4935237387562954
4.39822971502571,0.4784823695930273
4.523893421169302,0.46381598170312904
4.649557127312894,0.44953478613194414
4.775220833456485,0.43561499026419803
4.900884539600077,0.4220530043630769
5.026548245743669,0.40890696420675043
5.15221195188726,0.3963156679103129
5.277875658030853,0.3844903423472039
5.403539364174444,0.37368173417756684
5.529203070318036,0.36413257062358106
5.654866776461628,0.35603091194181785
5.780530482605219,0.34948028860121316
5.906194188748811,0.34449642050485724
6.031857894892402,0.34102995850864565
6.157521601035994,0.3390050880733462
6.283185307179586,0.33835937220402607
0,0.3450985924573351
0.12566370614359174,0.3456391234679337
0.25132741228718347,0.3476532480598863
0.37699111843077515,0.3511908238491122
0.5026548245743669,0.35629861535563373
0.6283185307179586,0.36298657081215596
0.7539822368615503,0.3711983712670529
0.8796459430051421,0.3807982761028395
1.0053096491487339,0.39158116652023617
1.1309733552923256,0.40330403947296356
1.2566370614359172,0.41572893614182127
1.382300767579509,0.42866317327799314
1.5079644737231006,0.4419840554690902
1.6336281798666925,0.4556405577801445
1.7592918860102842,0.4696312260998612
1.8849555921538756,0.4839636432908194
2.0106192982974678,0.4986051354524179
2.1362830044410597,0.5134364794442222
2.261946710584651,0.5282199601492217
2.3876104167282426,0.5425901400656635
2.5132741228718345,0.5560706263114429
2.6389378290154264,0.5681142347033065
2.764601535159018,0.5781590151243549
2.8902652413026093,0.5856900382085396
3.015928947446201,0.5902970228113018
3.141592653589793,0.5917200452236886
3.267256359733385,0.589878392034913
3.3929200658769765,0.5848800217615003
3.5185837720205684,0.5770107850204095
3.6442474781641603,0.5667039812676714
3.7699111843077513,0.554492735245542
3.895574890451343,0.5409504035838213
4.0212385965949355,0.5266272918585114
4.1469023027385274,0.5119941444790014
4.272566008882119,0.49740279643562485
4.39822971502571,0.48307138384453413
4.523893421169302,0.46909617281934174
4.649557127312894,0.4554860028510853
4.775220833456485,0.44221039293563363
4.900884539600077,0.42924973650725756
5.026548245743669,0.416636018219442
5.15221195188726,0.40447486204411176
5.277875658030853,0.3929440876739324
5.403539364174444,0.3822698285542966
5.529203070318036,0.3726876246601334
5.654866776461628,0.3644008328750163
5.780530482605219,0.35754986585234294
5.906194188748811,0.35220187372850387
6.031857894892402,0.3483626861765606
6.157521601035994,0.3460046029558576
6.283185307179586,0.34509859245733493
0,0.37068672357543786
0.12566370614359174,0.37151532921364055
0.25132741228718347,0.37389249583462086
0.37699111843077515,0.37784115900305465
0.5026548245743669,0.38337094822291623
0.6283185307179586,0.3904503727745165
0.7539822368615503,0.39898528864344557
0.8796459430051421,0.4088130533695316
1.0053096491487339,0.4197167881968969
1.1309733552923256,0.43145691485650534
1.2566370614359172,0.4438106639376332
1.382300767579509,0.4566072659261204
1.5079644737231006,0.46974786164859594
1.6336281798666925,0.48320371837291476
1.7592918860102842,0.49699220988907106
1.8849555921538756,0.5111355776909566
2.0106192982974678,0.5256117147812216
2.1362830044410597,0.5403084587256841
2.261946710584651,0.5549926288803362
2.3876104167282426,0.5693020594427026
2.5132741228718345,0.5827636592912018
2.6389378290154264,0.5948344968959282
2.764601535159018,0.6049579679272133
2.8902652413026093,0.6126247194820138
3.015928947446201,0.6174284799236498
3.141592653589793,0.6191094013946993
3.267256359733385,0.6175805563324082
3.3929200658769765,0.6129357262686814
3.5185837720205684,0.6054382626318433
3.6442474781641603,0.5954920242629349
3.7699111843077513,0.5835969261621479
3.895574890451343,0.5702938621259608
4.0212385965949355,0.5561063544225083
4.1469023027385274,0.5414882154700832
4.272566008882119,0.5267865798676366
4.39822971502571,0.5122272128394464
4.523893421169302,0.4979243731781962
4.649557127312894,0.48391199053927175
4.775220833456485,0.4701881191056656
4.900884539600077,0.45676178609315016
5.026548245743669,0.4436910044248563
5.15221195188726,0.4311028627227586
5.277875658030853,0.419190962259871
5.403539364174444,0.40819144537818375
5.529203070318036,0.3983451996257336
5.654866776461628,0.3898584495255465
5.780530482605219,0.3828746001470982
5.906194188748811,0.3774658839831975
6.031857894892402,0.3736455904200936
6.157521601035994,0.3713939729728142
6.283185307179586,0.37068672357543786
0,0.3790820267966033
0.12566370614359174,0.37977310672756104
0.25132741228718347,0.3820495611622152
0.37699111843077515,0.3859372214386799
0.5026548245743669,0.39145386109782293
0.6283185307179586,0.39857988689360296
0.7539822368615503,0.40723323016216756
0.8796459430051421,0.4172593306112024
1.0053096491487339,0.42844227220367903
1.1309733552923256,0.44053522470339884
1.2566370614359172,0.4533008505544757
1.382300767579509,0.46654859718669983
1.5079644737231006,0.4801569881277132
1.6336281798666925,0.4940739453471655
1.7592918860102842,0.5082945311512735
1.8849555921538756,0.5228213143722371
2.0106192982974678,0.5376167128237808
2.1362830044410597,0.5525586283950065
2.261946710584651,0.5674102114676575
2.3876104167282426,0.5818116412771543
2.5132741228718345,0.5952969004509873
2.6389378290154264,0.6073328960994805
2.764601535159018,0.6173735936334097
2.8902652413026093,0.6249194178110901
3.015928947446201,0.6295723955066853
3.141592653589793,0.6310796525342013
3.267256359733385,0.6293606640095729
3.3929200658769765,0.6245160262603148
3.5185837720205684,0.6168171269632376
3.6442474781641603,0.6066773529603378
3.7699111843077513,0.5946071246221714
3.895574890451343,0.581157498570081
4.0212385965949355,0.5668599720660407
4.1469023027385274,0.5521723126849047
4.272566008882119,0.5374403674346394
4.39822971502571,0.5228831345614082
4.523893421169302,0.5086033636406526
4.649557127312894,0.4946201088329979
4.775220833456485,0.48091480259652003
4.900884539600077,0.4674797730898955
5.026548245743669,0.45435803874442093
5.15221195188726,0.4416654325049873
5.277875658030853,0.42959023867733964
5.403539364174444,0.41837107072938695
5.529203070318036,0.4082597142649851
5.654866776461628,0.39948037053122387
5.780530482605219,0.3921980554555279
5.906194188748811,0.3865056048198749
6.031857894892402,0.3824317204026103
6.157521601035994,0.37996477507330023
6.283185307179586,0.3790820267966035
0,0.3891583607879804
0.12566370614359174,0.3900478478955821
0.25132741228718347,0.39257121892121244
0.37699111843077515,0.3967394301349732
0.5026548245743669,0.402548497683627
0.6283185307179586,0.40995399421669615
0.7539822368615503,0.41885093925563044
0.8796459430051421,0.42906854731632627
1.0053096491487339,0.44038436260760605
1.1309733552923256,0.45255503010150566
1.2566370614359172,0.4653545094551279
1.382300767579509,0.4786076833714287
1.5079644737231006,0.4922088141352439
1.6336281798666925,0.5061189541779529
1.7592918860102842,0.5203422123262155
1.8849555921538756,0.5348860478399046
2.0106192982974678,0.549714552003693
2.1362830044410597,0.5647054930891013
2.261946710584651,0.5796214305096563
2.3876104167282426,0.594102364481482
2.5132741228718345,0.6076826599129234
2.6389378290154264,0.6198295857103654
2.764601535159018,0.629996352899332
2.8902652413026093,0.637680278858174
3.015928947446201,0.642476950619123
3.141592653589793,0.6441232985467075
3.267256359733385,0.6425251238595742
3.3929200658769765,0.6377668664036659
3.5185837720205684,0.6301029463447209
3.6442474781641603,0.6199312352633797
3.7699111843077513,0.6077507559869255
3.895574890451343,0.5941079513468924
4.0212385965949355,0.5795385087182685
4.1469023027385274,0.5645138210492624
4.272566008882119,0.5494015212494698
4.39822971502571,0.5344474115680352
4.523893421169302,0.5197817523840148
4.649557127312894,0.5054474576412158
4.775220833456485,0.49144285178945907
4.900884539600077,0.47776856275469387
5.026548245743669,0.46446747344225486
5.15221195188726,0.4516484647951854
5.277875658030853,0.4394886609534028
5.403539364174444,0.4282144371205946
5.529203070318036,0.4180674375188213
5.654866776461628,0.4092664652003811
5.780530482605219,0.4019773484926774
5.906194188748811,0.3962997257868594
6.031857894892402,0.39227310631929874
6.157521601035994,0.3898973935058947
6.283185307179586,0.38915836078798033
0,0.4009012746689012
0.12566370614359174,0.40175116298488356
0.25132741228718347,0.40421234109197324
0.37699111843077515,0.4082914932482142
0.5026548245743669,0.4139825909132856
0.6283185307179586,0.4212431568082866
0.7539822368615503,0.42997521321631343
0.8796459430051421,0.44001990865178636
1.0053096491487339,0.4511703188468952
1.1309733552923256,0.4632001265549147
1.2566370614359172,0.475899669274327
1.382300767579509,0.4891078357164904
1.5079644737231006,0.5027294151238062
1.6336281798666925,0.5167318303742914
1.7592918860102842,0.5311208955836568
1.8849555921538756,0.5459006568510152
2.0106192982974678,0.5610263939532796
2.1362830044410597,0.5763618176208689
2.261946710584651,0.5916509840400122
2.3876104167282426,0.6065124131527545
2.5132741228718345,0.6204579404057342
2.6389378290154264,0.6329332928587297
2.764601535159018,0.6433729241831175
2.8902652413026093,0.651259505274048
3.015928947446201,0.6561788779851536
3.141592653589793,0.6578634588894005
3.267256359733385,0.656219781521662
3.3929200658769765,0.6513380898372015
3.5185837720205684,0.6434833537124561
3.6442474781641603,0.6330681890619952
3.7699111843077513,0.6206096447371015
3.895574890451343,0.6066740946177606
4.0212385965949355,0.5918172626827011
4.1469023027385274,0.5765286976231555
4.272566008882119,0.5611905159609557
4.39822971502571,0.5460581201396442
4.523893421169302,0.5312660751042501
4.649557127312894,0.5168566513344074
4.775220833456485,0.5028234384042227
4.900884539600077,0.48915929954016185
5.026548245743669,0.47589739481962373
5.15221195188726,0.463135977384421
5.277875658030853,0.45104173007355514
5.403539364174444,0.439831894166519
5.529203070318036,0.42974126165797255
5.654866776461628,0.42098459056569165
5.780530482605219,0.41372629460853283
5.906194188748811,0.4080663359129981
6.031857894892402,0.4040449651378138
6.157521601035994,0.4016619585376628
6.283185307179586,0.40090127466890135
0,0.4108877545362126
0.12566370614359174,0.41150127932306513
0.25132741228718347,0.4137903845219578
0.37699111843077515,0.4177846766420543
0.5026548245743669,0.42349996362424663
0.6283185307179586,0.43091081128998726
0.7539822368615503,0.4399273506735627
0.8796459430051421,0.4503864608273682
1.0053096491487339,0.462063052996157
1.1309733552923256,0.47469992293316554
1.2566370614359172,0.4880475627293238
1.382300767579509,0.5019014877631678
1.5079644737231006,0.5161253416034874
1.6336281798666925,0.5306524716579575
1.7592918860102842,0.5454648369911755
1.8849555921538756,0.5605540700581251
2.0106192982974678,0.5758739511635135
2.1362830044410597,0.5912957397289675
2.261946710584651,0.6065773800490698
2.3876104167282426,0.6213545829694459
2.5132741228718345,0.6351568136138002
2.6389378290154264,0.6474456192731339
2.764601535159018,0.6576681575994795
2.8902652413026093,0.6653164723078221
3.015928947446201,0.6699832620418514
3.141592653589793,0.6714068431367023
3.267256359733385,0.6695005051303412
3.3929200658769765,0.6643635536281685
3.5185837720205684,0.656272811512416
3.6442474781641603,0.6456546801013124
3.7699111843077513,0.6330397449836838
3.895574890451343,0.6190046636035691
4.0212385965949355,0.604109230686947
4.1469023027385274,0.5888389020854689
4.272566008882119,0.5735633115528549
4.39822971502571,0.5585186814880508
4.523893421169302,0.5438169034945813
4.649557127312894,0.5294779347046924
4.775220833456485,0.5154769078288584
4.900884539600077,0.5017944098524801
5.026548245743669,0.4884582586568198
5.15221195188726,0.47556755988459454
5.277875658030853,0.4632942789136698
5.403539364174444,0.4518632612987407
5.529203070318036,0.44151745584694113
5.654866776461628,0.4324793775464537
5.780530482605219,0.4249207978243534
5.906194188748811,0.4189493860856269
6.031857894892402,0.41461454824213745
6.157521601035994,0.41192771862732386
6.283185307179586,0.4108877545362126
0,0.4209288028885309
0.12566370614359174,0.42182714436425184
0.25132741228718347,0.42445865227742857
0.37699111843077515,0.428823334005678
0.5026548245743669,0.43490415348313105
0.6283185307179586,0.4426434828878009
0.7539822368615503,0.45192438921016476
0.8796459430051421,0.4625660452899928
1.0053096491487339,0.47433783112201044
1.1309733552923256,0.4869896131849981
1.2566370614359172,0.5002893206414333
1.382300767579509,0.5140559925419221
1.5079644737231006,0.5281778097115691
1.6336281798666925,0.5426091780752622
1.7592918860102842,0.5573467526191379
1.8849555921538756,0.5723896598950587
2.0106192982974678,0.5876930188157162
2.1362830044410597,0.6031256051106264
2.261946710584651,0.6184418611985861
2.3876104167282426,0.6332754472105491
2.5132741228718345,0.6471567561252635
2.6389378290154264,0.6595515261793409
2.764601535159018,0.6699134209560347
2.8902652413026093,0.6777413714570397
3.015928947446201,0.682632816630166
3.141592653589793,0.6843260185768104
3.267256359733385,0.6827271898902542
3.3929200658769765,0.6779202992670573
3.5185837720205684,0.6701588387725494
3.6442474781641603,0.6598399448662232
3.7699111843077513,0.6474627505195972
3.895574890451343,0.6335751075294086
4.0212385965949355,0.6187155556867
4.1469023027385274,0.6033596227666649
4.272566008882119,0.5878799736224326
4.39822971502571,0.5725278269498497
4.523893421169302,0.557438676739337
4.649557127312894,0.5426599261542037
4.775220833456485,0.5281931865709044
4.900884539600077,0.514040990391782
5.026548245743669,0.5002470692936916
5.15221195188726,0.48692111207608907
5.277875658030853,0.47424268626779154
5.403539364174444,0.4624442156730673
5.529203070318036,0.45177855834825675
5.654866776461628,0.4424812427279264
5.780530482605219,0.4347389701814305
5.906194188748811,0.4286734935014393
6.031857894892402,0.424344084189277
6.157521601035994,0.4217649250783574
6.283185307179586,0.42092880288853085
0,0.42985145653319884
0.12566370614359174,0.43064433067951546
0.25132741228718347,0.43317004603201575
0.37699111843077515,0.4374428593741457
0.5026548245743669,0.4434619495199063
0.6283185307179586,0.45118476888512854
0.7539822368615503,0.4605050409819716
0.8796459430051421,0.47124539424126505
1.0053096491487339,0.48317003767583694
1.1309733552923256,0.4960156193096758
1.2566370614359172,0.5095314929236945
1.382300767579509,0.5235169760190395
1.5079644737231006,0.5378439821033182
1.6336281798666925,0.5524577986925742
1.7592918860102842,0.5673548484404379
1.8849555921538756,0.5825421836977748
2.0106192982974678,0.5979879837834542
2.1362830044410597,0.6135747022796718
2.261946710584651,0.6290662878801776
2.3876104167282426,0.6440979767038227
2.5132741228718345,0.6581920895200188
2.6389378290154264,0.6707974083011768
2.764601535159018,0.6813447874720103
2.8902652413026093,0.6893090371258624
3.015928947446201,0.6942671602576442
3.141592653589793,0.6959450404971523
3.267256359733385,0.6942474317305121
3.3929200658769765,0.6892685580908146
3.5185837720205684,0.6812824404127806
3.6442474781641603,0.6707135785283327
3.7699111843077513,0.658090483992831
3.895574890451343,0.6439871222285177
4.0212385965949355,0.6289602149648416
4.1469023027385274,0.6134925003409318
4.272566008882119,0.5979521777685206
4.39822971502571,0.5825761533283985
4.523893421169302,0.5674797112054729
4.649557127312894,0.5526892640037604
4.775220833456485,0.5381896646792104
4.900884539600077,0.5239745726234378
5.026548245743669,0.5100881165110525
5.15221195188726,0.4966484575935967
5.277875658030853,0.48384833967531177
5.403539364174444,0.471933568018169
5.529203070318036,0.4611663864438563
5.654866776461628,0.4517851521862705
5.780530482605219,0.4439726740265955
5.906194188748811,0.43784219368211125
6.031857894892402,0.43344330370818845
6.157521601035994,0.43078289181171575
6.283185307179586,0.42985145653319856
0,0.4385964449112957
0.12566370614359174,0.43965667777523865
0.25132741228718347,0.4424510592649349
0.37699111843077515,0.44697499208759095
0.5026548245743669,0.45320721073619086
0.6283185307179586,0.46108669959308557
0.7539822368615503,0.4704944426578244
0.8796459430051421,0.4812488438677828
1.0053096491487339,0.49311925722770716
1.1309733552923256,0.5058554176376897
1.2566370614359172,0.5192244371575548
1.382300767579509,0.5330439910535603
1.5079644737231006,0.5472012996570835
1.6336281798666925,0.5616516527215983
1.7592918860102842,0.5763957695737878
1.8849555921538756,0.5914406173452681
2.0106192982974678,0.6067523559581759
2.1362830044410597,0.6222122085412927
2.261946710584651,0.6375858519376926
2.3876104167282426,0.6525142506538828
2.5132741228718345,0.6665291736158467
2.6389378290154264,0.6790911321008466
2.764601535159018,0.6896427757829603
2.8902652413026093,0.6976682189724923
3.015928947446201,0.7027487743285346
3.141592653589793,0.7046075533997654
3.267256359733385,0.7031381681652559
3.3929200658769765,0.6984152506432331
3.5185837720205684,0.6906862438479229
3.6442474781641603,0.6803451814965192
3.7699111843077513,0.6678906252103759
3.895574890451343,0.6538720384670978
4.0212385965949355,0.6388314629266272
4.1469023027385274,0.6232495140465936
4.272566008882119,0.6075052073928399
4.39822971502571,0.5918571392656055
4.523893421169302,0.5764492165783777
4.649557127312894,0.5613386119584703
4.775220833456485,0.5465385427554853
4.900884539600077,0.5320652302801774
5.026548245743669,0.5179777126129249
5.15221195188726,0.5044011345680082
5.277875658030853,0.4915283528511931
5.403539364174444,0.4796004144903026
5.529203070318036,0.4688724035735155
5.654866776461628,0.4595754875904886
5.780530482605219,0.4518869202524757
5.906194188748811,0.44591650377735687
6.031857894892402,0.44171167458597166
6.157521601035994,0.4392766212286041
6.283185307179586,0.4385964449112957
0,0.44479242331256263
0.12566370614359174,0.4457201702021794
0.25132741228718347,0.4484601723554682
0.37699111843077515,0.45299944740903497
0.5026548245743669,0.45930089335990787
0.6283185307179586,0.4672838284906398
0.7539822368615503,0.47681011215526464
0.8796459430051421,0.4876837381735534
1.0053096491487339,0.4996671920723175
1.1309733552923256,0.5125114924846274
1.2566370614359172,0.5259913899552889
1.382300767579509,0.5399349047561366
1.5079644737231006,0.5542378682119007
1.6336281798666925,0.5688584132733064
1.7592918860102842,0.5837917519253806
1.8849555921538756,0.5990305623420668
2.0106192982974678,0.6145198841728066
2.1362830044410597,0.6301169918097922
2.261946710584651,0.6455659545286829
2.3876104167282426,0.6604935305423454
2.5132741228718345,0.6744283097340733
2.6389378290154264,0.6868398854210941
2.764601535159018,0.6971908118969757
2.8902652413026093,0.7049922809977242
3.015928947446201,0.7098549913017742
3.141592653589793,0.711528836495384
3.267256359733385,0.7099276369515946
3.3929200658769765,0.7051372465348936
3.5185837720205684,0.6974067078422769
3.6442474781641603,0.6871230831080619
3.7699111843077513,0.6747718166077652
3.895574890451343,0.6608864077214697
4.0212385965949355,0.6459935834527442
4.1469023027385274,0.630562194876743
4.272566008882119,0.6149646054131302
4.39822971502571,0.5994576392680367
4.523893421169302,0.5841863254087211
4.649557127312894,0.5692087092180241
4.775220833456485,0.5545353494141135
4.900884539600077,0.5401740165725294
5.026548245743669,0.5261692255391788
5.15221195188726,0.5126276613914147
5.277875658030853,0.49972402316356596
5.403539364174444,0.48768674342901674
5.529203070318036,0.4767684468929647
5.654866776461628,0.46721036975099056
5.780530482605219,0.45921157972333365
5.906194188748811,0.45291170750735327
6.031857894892402,0.4483905778545337
6.157521601035994,0.44568177146990884
6.283185307179586,0.4447924233125627
0,0.4486816556771352
0.12566370614359174,0.4496424721402317
0.25132741228718347,0.4523348406388114
0.37699111843077515,0.4567517050259491
0.5026548245743669,0.46286928312374054
0.6283185307179586,0.4706252751112543
0.7539822368615503,0.47990157011232654
0.8796459430051421,0.49052010048355743
1.0053096491487339,0.5022562439487781
1.1309733552923256,0.5148676769306283
1.2566370614359172,0.5281305163727831
1.382300767579509,0.541871491231474
1.5079644737231006,0.5559857759354893
1.6336281798666925,0.5704342465915694
1.7592918860102842,0.5852195746185213
1.8849555921538756,0.6003460595724861
2.0106192982974678,0.6157722299052919
2.1362830044410597,0.6313672770019971
2.261946710584651,0.6468819232296728
2.3876104167282426,0.6619413432460358
2.5132741228718345,0.6760628757150342
2.6389378290154264,0.6886957779222705
2.764601535159018,0.6992757811023902
2.8902652413026093,0.7072849057801329
3.015928947446201,0.7123071793492131
3.141592653589793,0.7140728949505968
3.267256359733385,0.712486711973717
3.3929200658769765,0.7076372506310435
3.5185837720205684,0.6997875362093131
3.6442474781641603,0.6893470249302049
3.7699111843077513,0.6768276001637156
3.895574890451343,0.6627882127650596
4.0212385965949355,0.6477754491531084
4.1469023027385274,0.6322692982080786
4.272566008882119,0.6166436052910357
4.39822971502571,0.6011484584427675
4.523893421169302,0.5859173003824855
4.649557127312894,0.5709960818534326
4.775220833456485,0.556386856617576
4.900884539600077,0.5420951842170498
5.026548245743669,0.5281702009422927
5.15221195188726,0.5147282474253402
5.277875658030853,0.5019550870865709
5.403539364174444,0.4900872605612036
5.529203070318036,0.479378794778054
5.654866776461628,0.4700636556848999
5.780530482605219,0.462325328416268
5.906194188748811,0.45628197182503055
6.031857894892402,0.45198965889112913
6.157521601035994,0.4494597071021555
6.283185307179586,0.448681655677135
0,0.4498306353479632
0.12566370614359174,0.4506542150555442
0.25132741228718347,0.453260410521414
0.37699111843077515,0.45764565640375826
0.5026548245743669,0.46378212264046503
0.6283185307179586,0.47159788115199286
0.7539822368615503,0.4809621844691086
0.8796459430051421,0.4916838454222332
1.0053096491487339,0.5035264519738785
1.1309733552923256,0.5162379003867249
1.2566370614359172,0.5295860859042661
1.382300767579509,0.5433898957142209
1.5079644737231006,0.5575357616696175
1.6336281798666925,0.5719741658494726
1.7592918860102842,0.5866959882910404
1.8849555921538756,0.6016938015254699
2.0106192982974678,0.6169169870386616
2.1362830044410597,0.6322311980546117
2.261946710584651,0.64739192940569
2.3876104167282426,0.6620389151426337
2.5132741228718345,0.6757134596088303
2.6389378290154264,0.6878958485381902
2.764601535159018,0.6980560660040469
2.8902652413026093,0.7057091278268453
3.015928947446201,0.7104665854923953
3.141592653589793,0.7120775286466372
3.267256359733385,0.7104547363496189
3.3929200658769765,0.7056837044132364
3.5185837720205684,0.6980138548524822
3.6442474781641603,0.6878325909531479
3.7699111843077513,0.6756244782817488
3.895574890451343,0.6619199488989764
4.0212385965949355,0.6472402423253137
4.1469023027385274,0.6320469976693731
4.272566008882119,0.6167050417975436
4.39822971502571,0.6014649188993646
4.523893421169302,0.5864678016101385
4.649557127312894,0.5717706099204358
4.775220833456485,0.5573847913601873
4.900884539600077,0.5433194303569256
5.026548245743669,0.5296187516729925
5.15221195188726,0.5163857053221926
5.277875658030853,0.5037868302480052
5.403539364174444,0.4920383512494194
5.529203070318036,0.481378448028453
5.654866776461628,0.47203443658208366
5.780530482605219,0.46419478044415746
5.906194188748811,0.45799367245238687
6.031857894892402,0.45351103545983745
6.157521601035994,0.45078511436197405
6.283185307179586,0.4498306353479632
0,0.450031981913209
0.12566370614359174,0.45113381996840884
0.25132741228718347,0.453993095167148
0.37699111843077515,0.4585901258861693
0.5026548245743669,0.464882708573226
0.6283185307179586,0.4727867907988529
0.7539822368615503,0.4821627771505507
0.8796459430051421,0.49281490430407554
1.0053096491487339,0.5045068063207371
1.1309733552923256,0.5169905002632686
1.2566370614359172,0.5300409107808243
1.382300767579509,0.5434857142125927
1.5079644737231006,0.5572213556275265
1.6336281798666925,0.5712098255770482
1.7592918860102842,0.5854557572531814
1.8849555921538756,0.5999682760478801
2.0106192982974678,0.6147158325854628
2.1362830044410597,0.6295842940899586
2.261946710584651,0.6443483605382071
2.3876104167282426,0.6586637492024194
2.5132741228718345,0.6720830287930498
2.6389378290154264,0.6840926913971397
2.764601535159018,0.694164602754689
2.8902652413026093,0.7018126202739725
3.015928947446201,0.7066452720143251
3.141592653589793,0.7084073461351375
3.267256359733385,0.7070059288878332
3.3929200658769765,0.70251885500106
3.5185837720205684,0.6951852871875172
3.6442474781641603,0.6853794532580358
3.7699111843077513,0.6735699893280468
3.895574890451343,0.6602692396172475
4.0212385965949355,0.6459790676390555
4.1469023027385274,0.631141468735521
4.272566008882119,0.616102530851433
4.39822971502571,0.6010963964525221
4.523893421169302,0.5862519575217418
4.649557127312894,0.5716200349572862
4.775220833456485,0.5572141581391239
4.900884539600077,0.543055029357907
5.026548245743669,0.5292080571697019
5.15221195188726,0.5158051188725038
5.277875658030853,0.5030456579971578
5.403539364174444,0.49117761494624484
5.529203070318036,0.48046429441575195
5.654866776461628,0.4711473830508959
5.780530482605219,0.4634172546988632
5.906194188748811,0.45739870018044265
6.031857894892402,0.45315426955383165
6.157521601035994,0.4507009902756097
6.283185307179586,0.4500319819132091
0,0.44783861035479644
0.12566370614359174,0.44873328305320753
0.25132741228718347,0.45143360317008546
0.37699111843077515,0.45592245002274884
0.5026548245743669,0.4621557350366734
0.6283185307179586,0.4700445921693953
0.7539822368615503,0.47944297233599514
0.8796459430051421,0.49014792006726216
1.0053096491487339,0.5019155526146409
1.1309733552923256,0.5144899157368765
1.2566370614359172,0.527636860027849
1.382300767579509,0.541172883553644
1.5079644737231006,0.5549801496993579
1.6336281798666925,0.5690028069397726
1.7592918860102842,0.5832247784666998
1.8849555921538756,0.5976338834846434
2.0106192982974678,0.6121804760775801
2.1362830044410597,0.6267401699865841
2.261946710584651,0.6410894416488885
2.3876104167282426,0.6549001314544269
2.5132741228718345,0.6677547353771643
2.6389378290154264,0.6791799734464027
2.764601535159018,0.6886926299785673
2.8902652413026093,0.6958499119668529
3.015928947446201,0.7002966985770819
3.141592653589793,0.7018035227787319
3.267256359733385,0.7002911034527209
3.3929200658769765,0.6958390681735522
3.5185837720205684,0.6886779740018694
3.6442474781641603,0.6791650965234857
3.7699111843077513,0.6677461215751628
3.895574890451343,0.6549070048270824
4.0212385965949355,0.6411225224754905
4.1469023027385274,0.6268096202955541
4.272566008882119,0.6122936808226549
4.39822971502571,0.5977937870604008
4.523893421169302,0.5834292490915957
4.649557127312894,0.5692450752385613
4.775220833456485,0.5552499892684241
4.900884539600077,0.5414580483864145
5.026548245743669,0.5279243993523166
5.15221195188726,0.514767237028264
5.277875658030853,0.502171319723102
5.403539364174444,0.4903729219313798
5.529203070318036,0.47963096490844703
5.654866776461628,0.47019291144076614
5.780530482605219,0.4622653649200616
5.906194188748811,0.45599731462962606
6.031857894892402,0.4514791195642465
6.157521601035994,0.4487545223258376
6.283185307179586,0.44783861035479644
0,0.4313324808912195
0.12566370614359174,0.43207926482708575
0.25132741228718347,0.4345021584391244
0.37699111843077515,0.4385788687060235
0.5026548245743669,0.4442598462850519
0.6283185307179586,0.45145534204599835
0.7539822368615503,0.4600268026722927
0.8796459430051421,0.4697883824286752
1.0053096491487339,0.48052098658144626
1.1309733552923256,0.49199658587143685
1.2566370614359172,0.5040064523797302
1.382300767579509,0.5163851006745236
1.5079644737231006,0.5290226498826154
1.6336281798666925,0.5418614801074582
1.7592918860102842,0.5548772342887921
1.8849555921538756,0.5680481910379449
2.0106192982974678,0.5813199064670729
2.1362830044410597,0.5945732640030772
2.261946710584651,0.6076034719191613
2.3876104167282426,0.6201152424713794
2.5132741228718345,0.6317359131136656
2.6389378290154264,0.6420445216739533
2.764601535159018,0.6506118094333655
2.8902652413026093,0.657044504955564
3.015928947446201,0.6610271962439661
3.141592653589793,0.6623562447127839
3.267256359733385,0.660961870428801
3.3929200658769765,0.6569161745447897
3.5185837720205684,0.6504262455490529
3.6442474781641603,0.6418127782746289
3.7699111843077513,0.6314761300787337
3.895574890451343,0.6198535873937584
4.0212385965949355,0.607373553275317
4.1469023027385274,0.594413739867671
4.272566008882119,0.5812705083212754
4.39822971502571,0.5681448129933439
4.523893421169302,0.5551469686540373
4.649557127312894,0.5423184691796866
4.775220833456485,0.5296654266831776
4.900884539600077,0.5171958093440627
5.026548245743669,0.5049520561383675
5.15221195188726,0.493031919992671
5.277875658030853,0.4815932849609977
5.403539364174444,0.47084267876220237
5.529203070318036,0.46101139314272443
5.654866776461628,0.45232636746860555
5.780530482605219,0.44498412400335896
5.906194188748811,0.4391344669702398
6.031857894892402,0.4348768244961186
6.157521601035994,0.4322674960218965
6.283185307179586,0.4313324808912196
0,0.4108461958389891
0.12566370614359174,0.4113915933736869
0.25132741228718347,0.41341633160690283
0.37699111843077515,0.4169101621777603
0.5026548245743669,0.42183812596954373
0.6283185307179586,0.42812910511197816
0.7539822368615503,0.43566829749853664
0.8796459430051421,0.4442983346539065
1.0053096491487339,0.45383100741630666
1.1309733552923256,0.4640677590031139
1.2566370614359172,0.47482372583055354
1.382300767579509,0.48594846086900695
1.5079644737231006,0.497337089217646
1.6336281798666925,0.5089281559925385
1.7592918860102842,0.5206879239192572
1.8849555921538756,0.5325843646804223
2.0106192982974678,0.5445567517705402
2.1362830044410597,0.5564880443259383
2.261946710584651,0.5681868574786847
2.3876104167282426,0.5793837905003638
2.5132741228718345,0.5897437046316588
2.6389378290154264,0.5988920680947656
2.764601535159018,0.6064506914060791
2.8902652413026093,0.6120767593001694
3.015928947446201,0.6154991648741912
3.141592653589793,0.616547354868644
3.267256359733385,0.6151695252434254
3.3929200658769765,0.6114385008832286
3.5185837720205684,0.605544797860668
3.6442474781641603,0.5977773773387712
3.7699111843077513,0.5884937801641256
3.895574890451343,0.5780828441157633
4.0212385965949355,0.566924846058169
4.1469023027385274,0.5553551193474715
4.272566008882119,0.543637308703307
4.39822971502571,0.531951032930611
4.523893421169302,0.5203959515432717
4.649557127312894,0.5090107408555516
4.775220833456485,0.4978022332972991
4.900884539600077,0.486777830416272
5.026548245743669,0.4759737776765476
5.15221195188726,0.46547307870357096
5.277875658030853,0.4554094698621586
5.403539364174444,0.44595742877416167
5.529203070318036,0.4373118295331435
5.654866776461628,0.42966354680104524
5.780530482605219,0.423178081643866
5.906194188748811,0.41798270950739286
6.031857894892402,0.41416423762534565
6.157521601035994,0.4117755440440821
6.283185307179586,0.41084619583898924
0,0.39044221947928537
0.12566370614359174,0.3910277340217278
0.25132741228718347,0.39293313727002627
0.37699111843077515,0.39613648765307663
0.5026548245743669,0.4005930616598806
0.6283185307179586,0.406227878937945
0.7539822368615503,0.41293153971056407
0.8796459430051421,0.42056292102649934
1.0053096491487339,0.4289600231940982
1.1309733552923256,0.4379572189548747
1.2566370614359172,0.4474045192894908
1.382300767579509,0.4571832704265976
1.5079644737231006,0.4672133506478966
1.6336281798666925,0.4774491301822546
1.7592918860102842,0.4878644175168506
1.8849555921538756,0.49842947819145883
2.0106192982974678,0.5090852830564833
2.1362830044410597,0.5197209838912304
2.261946710584651,0.5301600578863754
2.3876104167282426,0.5401587393987458
2.5132741228718345,0.5494177173823572
2.6389378290154264,0.5576053149254805
2.764601535159018,0.564388210933005
2.8902652413026093,0.5694647011225572
3.015928947446201,0.5725955967800969
3.141592653589793,0.5736288041972954
3.267256359733385,0.572514914001736
3.3929200658769765,0.5693123453748149
3.5185837720205684,0.5641815899307563
3.6442474781641603,0.5573690040195053
3.7699111843077513,0.5491816282992071
3.895574890451343,0.5399557690540284
4.0212385965949355,0.530023383272749
4.1469023027385274,0.5196812395765484
4.272566008882119,0.5091678837632705
4.39822971502571,0.4986523243702908
4.523893421169302,0.4882361673505352
4.649557127312894,0.4779681682123296
4.775220833456485,0.4678675500517759
4.900884539600077,0.4579506250421179
5.026548245743669,0.4482546818380611
5.15221195188726,0.43885389010136977
5.277875658030853,0.429863983544941
5.403539364174444,0.4214353202272695
5.529203070318036,0.4137369283025424
5.654866776461628,0.40693647032097846
5.780530482605219,0.4011818800987336
5.906194188748811,0.396589352048835
6.031857894892402,0.393239741366833
6.157521601035994,0.3911822953497303
6.283185307179586,0.3904422194792853
0,0.3710780492429427
0.12566370614359174,0.3716527294303087
0.25132741228718347,0.3734098896174788
0.37699111843077515,0.37632628204459734
0.5026548245743669,0.38035609444934226
0.6283185307179586,0.38542589602319505
0.7539822368615503,0.3914327618760471
0.8796459430051421,0.39824816449645006
1.0053096491487339,0.4057283396470102
1.1309733552923256,0.413729399452129
1.2566370614359172,0.4221234235869535
1.382300767579509,0.4308109192566774
1.5079644737231006,0.439725702704672
1.6336281798666925,0.44883014573031077
1.7592918860102842,0.4581012181482501
1.8849555921538756,0.46751014276901626
2.0106192982974678,0.4770001895909222
2.1362830044410597,0.48646778859613804
2.261946710584651,0.4957515729130137
2.3876104167282426,0.5046322829887723
2.5132741228718345,0.5128440830290193
2.6389378290154264,0.5200954175550637
2.764601535159018,0.5260957453961412
2.8902652413026093,0.5305837558228667
3.015928947446201,0.5333530010859052
3.141592653589793,0.5342718997557903
3.267256359733385,0.5332962573995282
3.3929200658769765,0.530473422620666
3.5185837720205684,0.5259378470297895
3.6442474781641603,0.5198983244966826
3.7699111843077513,0.5126178331059168
3.895574890451343,0.5043878609754713
4.0212385965949355,0.49550025806887876
4.1469023027385274,0.4862206361359183
4.272566008882119,0.4767676420123727
4.39822971502571,0.4673017054836335
4.523893421169302,0.4579251172318585
4.649557127312894,0.4486929255812349
4.775220833456485,0.4396317942294808
4.900884539600077,0.43076226936643364
5.026548245743669,0.4221192863220795
5.15221195188726,0.4137663424090129
5.277875658030853,0.40580044760950235
5.403539364174444,0.3983473738418635
5.529203070318036,0.39154926868324386
5.654866776461628,0.38554864189798915
5.780530482605219,0.38047339916665013
5.906194188748811,0.3764267007728887
6.031857894892402,0.3734832956497342
6.157521601035994,0.3716914902936259
6.283185307179586,0.3710780492429427
0,0.35091174940929765
0.12566370614359174,0.351450208350569
0.25132741228718347,0.35308800441470667
0.37699111843077515,0.355799862405993
0.5026548245743669,0.35953840977329554
0.6283185307179586,0.36423027686911
0.7539822368615503,0.36977482933123573
0.8796459430051421,0.3760479455459308
1.0053096491487339,0.382911615374443
1.1309733552923256,0.3902278981226909
1.2566370614359172,0.3978738438316294
1.382300767579509,0.40575315501960807
1.5079644737231006,0.4138009639592041
1.6336281798666925,0.42197986741542126
1.7592918860102842,0.4302676687732327
1.8849555921538756,0.4386394306958877
2.0106192982974678,0.4470478966317485
2.1362830044410597,0.4554067928987745
2.261946710584651,0.4635809186101101
2.3876104167282426,0.47138544937563676
2.5132741228718345,0.4785949119969052
2.6389378290154264,0.48496034394537074
2.764601535159018,0.49023171668362864
2.8902652413026093,0.4941820635753085
3.015928947446201,0.4966299098624098
3.141592653589793,0.49745729932366517
3.267256359733385,0.49662159095195263
3.3929200658769765,0.4941599798586226
3.5185837720205684,0.49018630150619846
3.6442474781641603,0.4848802290141036
3.7699111843077513,0.4784696694845275
3.895574890451343,0.4712081098737481
4.0212385965949355,0.4633497329196513
4.1469023027385274,0.4551259706725817
4.272566008882119,0.4467273611056197
4.39822971502571,0.4382938443320087
4.523893421169302,0.42991502700979445
4.649557127312894,0.42163984765450463
4.775220833456485,0.41349306988272244
4.900884539600077,0.4054946486946572
5.026548245743669,0.39767757520942787
5.15221195188726,0.39010036791195457
5.277875658030853,0.38285179036515654
5.403539364174444,0.37604732176872885
5.529203070318036,0.36981893823801715
5.654866776461628,0.36430134375431966
5.780530482605219,0.35961843188927606
5.906194188748811,0.3558732263093378
6.031857894892402,0.35314301792193653
6.157521601035994,0.35147946174759037
6.283185307179586,0.3509117494092977
0,0.33311834942164303
0.12566370614359174,0.3334475827768822
0.25132741228718347,0.3347772273695766
0.37699111843077515,0.337092622785422
0.5026548245743669,0.340358363034195
0.6283185307179586,0.3445145704284545
0.7539822368615503,0.34947543760979943
0.8796459430051421,0.35513205632084155
1.0053096491487339,0.36136024190870897
1.1309733552923256,0.36803227134459476
1.2566370614359172,0.3750298553233334
1.382300767579509,0.3822548817561328
1.5079644737231006,0.3896347907023045
1.6336281798666925,0.39712074428262245
1.7592918860102842,0.4046786071223616
1.8849555921538756,0.41227461395352366
2.0106192982974678,0.4198589931815774
2.1362830044410597,0.42735141434198465
2.261946710584651,0.434631804696342
2.3876104167282426,0.4415389254263938
2.5132741228718345,0.44787741496744965
2.6389378290154264,0.4534322467703464
2.764601535159018,0.4579881678485938
2.8902652413026093,0.4613509816195709
3.015928947446201,0.46336755416612946
3.141592653589793,0.46394196073298427
3.267256359733385,0.4630459470024954
3.3929200658769765,0.4607226145383058
3.5185837720205684,0.45708287494762395
3.6442474781641603,0.4522948370166737
3.7699111843077513,0.4465670328820661
3.895574890451343,0.44012729977849463
4.0212385965949355,0.4332000742932163
4.1469023027385274,0.42598551965817616
4.272566008882119,0.4186439498460553
4.39822971502571,0.4112882378743141
4.523893421169302,0.40398537710902227
4.649557127312894,0.39676646174464963
4.775220833456485,0.38964257470795477
4.900884539600077,0.38262288602984285
5.026548245743669,0.37573095180121235
5.15221195188726,0.3690158072879413
5.277875658030853,0.3625558081496586
5.403539364174444,0.3564549776798563
5.529203070318036,0.3508334375061667
5.654866776461628,0.34581485087592295
5.780530482605219,0.34151427776962234
5.906194188748811,0.3380292611686486
6.031857894892402,0.33543553713007307
6.157521601035994,0.3337870243046031
6.283185307179586,0.33311834942164315
0,0.3168122577287603
0.12566370614359174,0.31726484944657374
0.25132741228718347,0.31863007002123217
0.37699111843077515,0.3208799298144508
0.5026548245743669,0.3239653421648152
0.6283185307179586,0.32781561164294076
0.7539822368615503,0.3323403328311677
0.8796459430051421,0.337434651006282
1.0053096491487339,0.3429877106222915
1.1309733552923256,0.3488928635288601
1.2566370614359172,0.35505730986230793
1.382300767579509,0.36140864736700223
1.5079644737231006,0.36789638651921747
1.6336281798666925,0.3744876577990798
1.7592918860102842,0.3811577432892894
1.8849555921538756,0.3878773342965848
2.0106192982974678,0.39459925124472656
2.1362830044410597,0.40124758196046495
2.261946710584651,0.40771175513238506
2.3876104167282426,0.41384706729637966
2.5132741228718345,0.4194818632532933
2.6389378290154264,0.42443026184981303
2.764601535159018,0.4285083459398365
2.8902652413026093,0.4315513011858236
3.015928947446201,0.433429105906312
3.141592653589793,0.4340588804592852
3.267256359733385,0.4334126572147293
3.3929200658769765,0.431519932278165
3.5185837720205684,0.42846483568146815
3.6442474781641603,0.4243781638403479
3.7699111843077513,0.4194249672480767
3.895574890451343,0.4137889401503338
4.0212385965949355,0.407655460016577
4.1469023027385274,0.4011955957943306
4.272566008882119,0.39455352168956376
4.39822971502571,0.3878393775594825
4.523893421169302,0.3811287011377627
4.649557127312894,0.37446829208165644
4.775220833456485,0.3678870513603359
4.900884539600077,0.36140930111846736
5.026548245743669,0.3550675948308729
5.15221195188726,0.34891221298333136
5.277875658030853,0.3430153877368287
5.403539364174444,0.3374696302231141
5.529203070318036,0.33238101595573355
5.654866776461628,0.3278594955306298
5.780530482605219,0.32400885015332254
5.906194188748811,0.3209186127393335
6.031857894892402,0.3186592505594008
6.157521601035994,0.31728057614757105
6.283185307179586,0.3168122577287603
