% Model,Embedded-External.mph
% Version,COMSOL 5.4.0.225
% Date,"Aug 12 2022, 20:22"
% Dimension,1
% Nodes,1938
% Expressions,1
% Description,Radiation pattern
% theta,r
0,1.274824215741735
0.12566370614359174,1.2702830536999832
0.25132741228718347,1.258076370305805
0.37699111843077515,1.2390486069925686
0.5026548245743669,1.2144715672317636
0.6283185307179586,1.185843372515179
0.7539822368615503,1.1546508880788084
0.8796459430051421,1.1221498798034168
1.0053096491487339,1.0892165190138394
1.1309733552923256,1.0562993305712398
1.2566370614359172,1.023462762350412
1.382300767579509,0.9904855412414205
1.5079644737231006,0.9569756493899139
1.6336281798666925,0.9224841398841659
1.7592918860102842,0.886620802923191
1.8849555921538756,0.8491778139124706
2.0106192982974678,0.8102520590932538
2.1362830044410597,0.7703371104284975
2.261946710584651,0.7303487431235103
2.3876104167282426,0.6915614338953238
2.5132741228718345,0.6554624913278202
2.6389378290154264,0.6235612041150499
2.764601535159018,0.5972071743242403
2.8902652413026093,0.5774658897594053
3.015928947446201,0.5650727619131912
3.141592653589793,0.560451964038302
3.267256359733385,0.5637605482450374
3.3929200658769765,0.5749143847458202
3.5185837720205684,0.5935726405260843
3.6442474781641603,0.6190919529688341
3.7699111843077513,0.6504917019467628
3.895574890451343,0.6864790773987254
4.0212385965949355,0.725559920268274
4.1469023027385274,0.766220280236867
4.272566008882119,0.807127880287783
4.39822971502571,0.847291694158456
4.523893421169302,0.8861355909411109
4.649557127312894,0.9234769258092875
4.775220833456485,0.9594341672066461
4.900884539600077,0.9943032750233024
5.026548245743669,1.0284357167936602
5.15221195188726,1.0621302819605933
5.277875658030853,1.0955331357516658
5.403539364174444,1.1285399550251924
5.529203070318036,1.1607109003800882
5.654866776461628,1.1912285615882738
5.780530482605219,1.2189318498280715
5.906194188748811,1.2424385578410606
6.031857894892402,1.2603377573093744
6.157521601035994,1.2714095266886576
6.283185307179586,1.274824215741735
0,1.2071357370659108
0.12566370614359174,1.2036244886882077
0.25132741228718347,1.1932726308115642
0.37699111843077515,1.1767559328325574
0.5026548245743669,1.15509745727559
0.6283185307179586,1.1295159053353958
0.7539822368615503,1.1012480051695004
0.8796459430051421,1.071381948088021
1.0053096491487339,1.0407373420439243
1.1309733552923256,1.0098114558849918
1.2566370614359172,0.9787886925443732
1.382300767579509,0.9475938031650187
1.5079644737231006,0.9159683913392165
1.6336281798666925,0.8835612287142931
1.7592918860102842,0.8500331053358628
1.8849555921538756,0.8151758605055984
2.0106192982974678,0.7790329217097504
2.1362830044410597,0.7419946592569414
2.261946710584651,0.7048374540189966
2.3876104167282426,0.6686860479076806
2.5132741228718345,0.6349012022397489
2.6389378290154264,0.6049190450481228
2.764601535159018,0.5800834887799627
2.8902652413026093,0.5615116171588795
3.015928947446201,0.5500144998184164
3.141592653589793,0.54607090182559
3.267256359733385,0.549831589091426
3.3929200658769765,0.5611279531984715
3.5185837720205684,0.5794721572577318
3.6442474781641603,0.6040577992052807
3.7699111843077513,0.6337856590707125
3.895574890451343,0.6673378614832489
4.0212385965949355,0.7033056599507665
4.1469023027385274,0.7403509018910638
4.272566008882119,0.7773625456238786
4.39822971502571,0.8135669848657308
4.523893421169302,0.8485655357907176
4.649557127312894,0.8822968828386604
4.775220833456485,0.9149447242597575
4.900884539600077,0.9468211809255975
5.026548245743669,0.9782517527533152
5.15221195188726,1.0094736936917816
5.277875658030853,1.040547981116214
5.403539364174444,1.0712845057370142
5.529203070318036,1.1011900619918258
5.654866776461628,1.129458788901574
5.780530482605219,1.1550232437669985
5.906194188748811,1.176668727143137
6.031857894892402,1.1931926034287539
6.157521601035994,1.2035762679620405
6.283185307179586,1.2071357370659108
0,1.138707744971326
0.12566370614359174,1.1358561335930313
0.25132741228718347,1.1268349998388365
0.37699111843077515,1.1122331779597399
0.5026548245743669,1.0929349970615918
0.6283185307179586,1.0699918826240267
0.7539822368615503,1.0444759367902534
0.8796459430051421,1.0173429112804495
1.0053096491487339,0.9893302807059927
1.1309733552923256,0.9609055130751996
1.2566370614359172,0.932264544785905
1.382300767579509,0.9033693865962824
1.5079644737231006,0.8740123089895999
1.6336281798666925,0.8438997275368791
1.7592918860102842,0.8127534335865593
1.8849555921538756,0.7804235931313115
2.0106192982974678,0.7469977815317358
2.1362830044410597,0.7128807108843636
2.261946710584651,0.6788186625098792
2.3876104167282426,0.6458544616777758
2.5132741228718345,0.6152193842583804
2.6389378290154264,0.5881886367352989
2.764601535159018,0.5659374214482922
2.8902652413026093,0.5494300191545922
3.015928947446201,0.5393571517353359
3.141592653589793,0.5361160152318648
3.267256359733385,0.5398135242681077
3.3929200658769765,0.5502729819800349
3.5185837720205684,0.5670362268095909
3.6442474781641603,0.5893692851609683
3.7699111843077513,0.6162898684778975
3.895574890451343,0.6466334035109607
4.0212385965949355,0.6791609348230279
4.1469023027385274,0.7126936666857978
4.272566008882119,0.7462444415039101
4.39822971502571,0.7791134716694791
4.523893421169302,0.8109258115709966
4.649557127312894,0.8416064854182919
4.775220833456485,0.8713070353561204
4.900884539600077,0.9003064719462852
5.026548245743669,0.9289074110887097
5.15221195188726,0.9573387676266487
5.277875658030853,0.9856683430474915
5.403539364174444,1.0137288534744138
5.529203070318036,1.0410687310200675
5.654866776461628,1.0669459614033983
5.780530482605219,1.0903799638320402
5.906194188748811,1.1102614140963174
6.031857894892402,1.125500877607418
6.157521601035994,1.1351848851656459
6.283185307179586,1.138707744971326
0,1.075011863379009
0.12566370614359174,1.0717383445851643
0.25132741228718347,1.0627819529301772
0.37699111843077515,1.048678782835118
0.5026548245743669,1.0302547819033248
0.6283185307179586,1.0085113444363218
0.7539822368615503,0.9844855289603623
0.8796459430051421,0.959111816567419
1.0053096491487339,0.9331138414288205
1.1309733552923256,0.9069459049400964
1.2566370614359172,0.880788494582727
1.382300767579509,0.8545879637175611
1.5079644737231006,0.8281252458572066
1.6336281798666925,0.8011018647636128
1.7592918860102842,0.7732367205216617
1.8849555921538756,0.744367290037102
2.0106192982974678,0.7145430362412724
2.1362830044410597,0.6840922312301326
2.261946710584651,0.6536428786599016
2.3876104167282426,0.6240871800998962
2.5132741228718345,0.5964944552436393
2.6389378290154264,0.5719927760038831
2.764601535159018,0.5516476022617757
2.8902652413026093,0.5363627486752294
3.015928947446201,0.5268168747610873
3.141592653589793,0.5234336135925546
3.267256359733385,0.5263727811878077
3.3929200658769765,0.5355285790473496
3.5185837720205684,0.5505282515652321
3.6442474781641603,0.5707365350401472
3.7699111843077513,0.5952802139579912
3.895574890451343,0.6231070851003109
4.0212385965949355,0.6530831910990391
4.1469023027385274,0.6841158955861929
4.272566008882119,0.7152765588211826
4.39822971502571,0.7458926089874388
4.523893421169302,0.775586958452899
4.649557127312894,0.8042590563082735
4.775220833456485,0.8320186244871435
4.900884539600077,0.8590929520457382
5.026548245743669,0.8857285098380527
5.15221195188726,0.9121004082694346
5.277875658030853,0.9382355283353777
5.403539364174444,0.9639528578573215
5.529203070318036,0.9888281867646382
5.654866776461628,1.0121945133862107
5.780530482605219,1.033187650492659
5.906194188748811,1.050836719045099
6.031857894892402,1.0641861740487883
6.157521601035994,1.0724268336241691
6.283185307179586,1.0750118633790093
0,1.0232491687516345
0.12566370614359174,1.0207818812007694
0.25132741228718347,1.0131301474575933
0.37699111843077515,1.0007562115307382
0.5026548245743669,0.9843623926145038
0.6283185307179586,0.9647961075270393
0.7539822368615503,0.9429388107777675
0.8796459430051421,0.9195981450163704
1.0053096491487339,0.8954226266923841
1.1309733552923256,0.8708521060509045
1.2566370614359172,0.8461073003654234
1.382300767579509,0.821213119207283
1.5079644737231006,0.7960473696409308
1.6336281798666925,0.7704081907772297
1.7592918860102842,0.7440956701476537
1.8849555921538756,0.7170012735880096
2.0106192982974678,0.6891928570162881
2.1362830044410597,0.6609773456038012
2.261946710584651,0.6329230165790735
2.3876104167282426,0.6058312816387924
2.5132741228718345,0.5806617433988603
2.6389378290154264,0.5584281121920173
2.764601535159018,0.5400898091167625
2.8902652413026093,0.5264614481985946
3.015928947446201,0.5181517613791794
3.141592653589793,0.5155308632708231
3.267256359733385,0.5187165544270422
3.3929200658769765,0.5275700386735068
3.5185837720205684,0.5416977989955459
3.6442474781641603,0.560464823471833
3.7699111843077513,0.5830294592144543
3.895574890451343,0.6084082645323188
4.0212385965949355,0.635570267325995
4.1469023027385274,0.6635477892550107
4.272566008882119,0.6915414001390454
4.39822971502571,0.7189947105842709
4.523893421169302,0.7456220321172886
4.649557127312894,0.7713853413267416
4.775220833456485,0.7964304519355756
4.900884539600077,0.8210001042087236
5.026548245743669,0.8453415646529404
5.15221195188726,0.869620762180779
5.277875658030853,0.8938494580912207
5.403539364174444,0.9178308617646185
5.529203070318036,0.9411320828059566
5.654866776461628,0.9630938069149072
5.780530482605219,0.9828834323279058
5.906194188748811,0.9995873900072636
6.031857894892402,1.0123267713242199
6.157521601035994,1.0203739685728834
6.283185307179586,1.0232491687516345
0,0.9762448127255524
0.12566370614359174,0.9737734865576394
0.25132741228718347,0.9667080198601031
0.37699111843077515,0.9554427186735857
0.5026548245743669,0.9405791658454957
0.6283185307179586,0.9228484110996694
0.7539822368615503,0.9030176682134491
0.8796459430051421,0.8817978231938066
1.0053096491487339,0.8597681953744282
1.1309733552923256,0.8373301971054683
1.2566370614359172,0.8146937450960134
1.382300767579509,0.7918934627719566
1.5079644737231006,0.7688288474893956
1.6336281798666925,0.7453231574464574
1.7592918860102842,0.7211964802256616
1.8849555921538756,0.696346354248552
2.0106192982974678,0.670824620332399
2.1362830044410597,0.6448951122333582
2.261946710584651,0.6190571364301802
2.3876104167282426,0.594026051945204
2.5132741228718345,0.5706729133457461
2.6389378290154264,0.5499358817830777
2.764601535159018,0.5327224655877407
2.8902652413026093,0.5198211923451712
3.015928947446201,0.5118348626967726
3.141592653589793,0.5091386477184724
3.267256359733385,0.5118593208823011
3.3929200658769765,0.5198697785780236
3.5185837720205684,0.5327958087753789
3.6442474781641603,0.5500371997365774
3.7699111843077513,0.570808798300113
3.895574890451343,0.5942058555061998
4.0212385965949355,0.6192913887107374
4.1469023027385274,0.6451940260546146
4.272566008882119,0.6711975653152039
4.39822971502571,0.696802408150047
4.523893421169302,0.7217453176030019
4.649557127312894,0.7459751159666625
4.775220833456485,0.7695932072413325
4.900884539600077,0.7927746841649193
5.026548245743669,0.8156864030522969
5.15221195188726,0.8384143102929404
5.277875658030853,0.8609071389988873
5.403539364174444,0.8829405582052923
5.529203070318036,0.9041054825268761
5.654866776461628,0.9238243158927966
5.780530482605219,0.9413966489516348
5.906194188748811,0.9560706841955142
6.031857894892402,0.967130488582105
6.157521601035994,0.9739850682968018
6.283185307179586,0.9762448127255524
0,0.9251957058865818
0.12566370614359174,0.9233893457562836
0.25132741228718347,0.9173360536275083
0.37699111843077515,0.9073639568121309
0.5026548245743669,0.8939888247846844
0.6283185307179586,0.877849802077005
0.7539822368615503,0.8596317608027692
0.8796459430051421,0.8399860547484791
1.0053096491487339,0.8194622554094334
1.1309733552923256,0.7984611896049847
1.2566370614359172,0.7772149664179642
1.382300767579509,0.7557947634271746
1.5079644737231006,0.7341437790867853
1.6336281798666925,0.7121310299147229
1.7592918860102842,0.6896200839355965
1.8849555921538756,0.6665440653298956
2.0106192982974678,0.6429748118078602
2.1362830044410597,0.6191721173639586
2.261946710584651,0.5956008839434642
2.3876104167282426,0.5729103969963549
2.5132741228718345,0.5518790756289477
2.6389378290154264,0.5333364940437637
2.764601535159018,0.5180788662447219
2.8902652413026093,0.5067930153687877
3.015928947446201,0.49999823445582825
3.141592653589793,0.4980084882112138
3.267256359733385,0.5009124654907523
3.3929200658769765,0.5085679284118513
3.5185837720205684,0.5206091505090923
3.6442474781641603,0.5364696493497845
3.7699111843077513,0.5554240176136471
3.895574890451343,0.5766505588631984
4.0212385965949355,0.5993108075487694
4.1469023027385274,0.6226351385265074
4.272566008882119,0.645998888495972
4.39822971502571,0.6689733887421261
4.523893421169302,0.6913415767101837
4.649557127312894,0.7130764714250711
4.775220833456485,0.7342893538734799
4.900884539600077,0.7551598761216396
5.026548245743669,0.7758612736220248
5.15221195188726,0.7964914612319526
5.277875658030853,0.8170175817686628
5.403539364174444,0.8372396520349459
5.529203070318036,0.8567784214406847
5.654866776461628,0.8750915780423484
5.780530482605219,0.8915190564126867
5.906194188748811,0.9053524410110522
6.031857894892402,0.9159176123974154
6.157521601035994,0.9226566445002862
6.283185307179586,0.9251957058865818
0,0.877200003655759
0.12566370614359174,0.8749133277852043
0.25132741228718347,0.8687644459263673
0.37699111843077515,0.8590879748230016
0.5026548245743669,0.8463929631067852
0.6283185307179586,0.831298793842048
0.7539822368615503,0.8144572735043334
0.8796459430051421,0.7964741770501089
1.0053096491487339,0.777844206324234
1.1309733552923256,0.75890999216393
1.2566370614359172,0.739849615681639
1.382300767579509,0.7206910728817936
1.5079644737231006,0.7013486619699888
1.6336281798666925,0.6816755711590702
1.7592918860102842,0.6615269678430612
1.8849555921538756,0.6408266038408524
2.0106192982974678,0.6196272950486788
2.1362830044410597,0.5981536368161653
2.261946710584651,0.576816468221451
2.3876104167282426,0.5561939047567444
2.5132741228718345,0.5369818422183321
2.6389378290154264,0.5199245445962639
2.764601535159018,0.5057400213735798
2.8902652413026093,0.49505380147633654
3.015928947446201,0.488349356007415
3.141592653589793,0.4859366838229056
3.267256359733385,0.4879356801490959
3.3929200658769765,0.4942698068936565
3.5185837720205684,0.5046681203998991
3.6442474781641603,0.5186778536272044
3.7699111843077513,0.5356925820098178
3.895574890451343,0.5550001351082581
4.0212385965949355,0.5758493174756442
4.1469023027385274,0.597527080534405
4.272566008882119,0.6194316326350525
4.39822971502571,0.6411254498979622
4.523893421169302,0.6623564512215033
4.649557127312894,0.6830440414324627
4.775220833456485,0.7032356971490273
4.900884539600077,0.7230457269737471
5.026548245743669,0.7425891346655795
5.15221195188726,0.7619210547142391
5.277875658030853,0.7809885951051218
5.403539364174444,0.7995994870656162
5.529203070318036,0.8174112248457968
5.654866776461628,0.8339438926094347
5.780530482605219,0.8486176813440969
5.906194188748811,0.8608117427328226
6.031857894892402,0.8699360825124647
6.157521601035994,0.8755049637904944
6.283185307179586,0.8772000036557589
0,0.8510933973283178
0.12566370614359174,0.8491312163048886
0.25132741228718347,0.8435363533371458
0.37699111843077515,0.8346044499635036
0.5026548245743669,0.8227902870241803
0.6283185307179586,0.8086529932725258
0.7539822368615503,0.7927888347580669
0.8796459430051421,0.7757622158752048
1.0053096491487339,0.7580465052952652
1.1309733552923256,0.7399842364389614
1.2566370614359172,0.7217717498319758
1.382300767579509,0.7034684138525868
1.5079644737231006,0.6850270661045695
1.6336281798666925,0.6663406716003425
1.7592918860102842,0.6472993149841335
1.8849555921538756,0.627850291713385
2.0106192982974678,0.608052201020037
2.1362830044410597,0.5881129101289218
2.261946710584651,0.568402710813468
2.3876104167282426,0.5494385455160011
2.5132741228718345,0.5318417557565189
2.6389378290154264,0.5162780246783508
2.764601535159018,0.5033915993720057
2.8902652413026093,0.493745271180223
3.015928947446201,0.48777362176040806
3.141592653589793,0.4857518523096895
3.267256359733385,0.48777856488746374
3.3929200658769765,0.4937696901423901
3.5185837720205684,0.5034622834354657
3.6442474781641603,0.5164296158962012
3.7699111843077513,0.5321106968544104
3.895574890451343,0.5498563640434313
4.0212385965949355,0.5689900659919683
4.1469023027385274,0.5888758850490539
4.272566008882119,0.6089818144171821
4.39822971502571,0.6289252361588359
4.523893421169302,0.6484908585062651
4.649557127312894,0.6676179278839842
4.775220833456485,0.6863607765859294
4.900884539600077,0.7048320766807741
5.026548245743669,0.7231401475731966
5.15221195188726,0.7413306536530985
5.277875658030853,0.7593405869207623
5.403539364174444,0.7769700987469963
5.529203070318036,0.7938759756080609
5.654866776461628,0.8095886312877124
5.780530482605219,0.8235515386653004
5.906194188748811,0.835178162966246
6.031857894892402,0.8439179511295141
6.157521601035994,0.8493212226183099
6.283185307179586,0.8510933973283177
0,0.8628047344758754
0.12566370614359174,0.8606600045237792
0.25132741228718347,0.8550319838063994
0.37699111843077515,0.8462084511816205
0.5026548245743669,0.8346231829563117
0.6283185307179586,0.820806824637354
0.7539822368615503,0.8053265068073311
0.8796459430051421,0.7887231355677533
1.0053096491487339,0.7714563084751581
1.1309733552923256,0.7538654177429142
1.2566370614359172,0.7361520968033922
1.382300767579509,0.7183851845767804
1.5079644737231006,0.7005262606748142
1.6336281798666925,0.6824719256480211
1.7592918860102842,0.6641076341914882
1.8849555921538756,0.6453661764620721
2.0106192982974678,0.6262819106190743
2.1362830044410597,0.607030742146482
2.261946710584651,0.5879470567607431
2.3876104167282426,0.5695129161629232
2.5132741228718345,0.5523209136859658
2.6389378290154264,0.5370180734958113
2.764601535159018,0.524241824894094
2.8902652413026093,0.5145591649426117
3.015928947446201,0.5084170405601068
3.141592653589793,0.5061074968222301
3.267256359733385,0.5077473972162705
3.3929200658769765,0.5132709588849745
3.5185837720205684,0.5224340495203302
3.6442474781641603,0.5348309802205603
3.7699111843077513,0.5499256221772288
3.895574890451343,0.567097647192759
4.0212385965949355,0.5857012797322458
4.1469023027385274,0.6051293338651729
4.272566008882119,0.6248716384582724
4.39822971502571,0.6445562543125597
4.523893421169302,0.6639649487067353
4.649557127312894,0.6830202917960058
4.775220833456485,0.7017482906977791
4.900884539600077,0.7202253598234716
5.026548245743669,0.7385203264967529
5.15221195188726,0.756641296316594
5.277875658030853,0.7744948719494121
5.403539364174444,0.7918628052014698
5.529203070318036,0.8083991508181022
5.654866776461628,0.8236489025137298
5.780530482605219,0.8370863160217878
5.906194188748811,0.8481678370731366
6.031857894892402,0.8563918019871993
6.157521601035994,0.8613559673820801
6.283185307179586,0.8628047344758754
0,0.9378829455104359
0.12566370614359174,0.9359975401620095
0.25132741228718347,0.9305320115624892
0.37699111843077515,0.9217566339789564
0.5026548245743669,0.9100864517467536
0.6283185307179586,0.8960344662785896
0.7539822368615503,0.8801540560441845
0.8796459430051421,0.8629789616731494
1.0053096491487339,0.8449700716051354
1.1309733552923256,0.8264770606290562
1.2566370614359172,0.8077200146412331
1.382300767579509,0.7887926988157062
1.5079644737231006,0.7696862205960909
1.6336281798666925,0.7503297673584063
1.7592918860102842,0.7306433038185803
1.8849555921538756,0.7105950606095799
2.0106192982974678,0.6902546237134125
2.1362830044410597,0.6698315741740117
2.261946710584651,0.6496911224733662
2.3876104167282426,0.6303423573902703
2.5132741228718345,0.6124006121175101
2.6389378290154264,0.596531107650145
2.764601535159018,0.5833844791698323
2.8902652413026093,0.5735349642185096
3.015928947446201,0.5674293054152381
3.141592653589793,0.5653503643671615
3.267256359733385,0.5673959761029438
3.3929200658769765,0.5734719885140976
3.5185837720205684,0.5832988070054298
3.6442474781641603,0.5964320230233757
3.7699111843077513,0.6122982502718242
3.895574890451343,0.6302459063329011
4.0212385965949355,0.6496072561924187
4.1469023027385274,0.6697637841370561
4.272566008882119,0.690203884205419
4.39822971502571,0.7105617312190886
4.523893421169302,0.730629574999473
4.649557127312894,0.7503415806057507
4.775220833456485,0.7697336373984695
4.900884539600077,0.7888881785180465
5.026548245743669,0.807874848795074
5.15221195188726,0.8266970226609821
5.277875658030853,0.8452518264341489
5.403539364174444,0.8633086535097584
5.529203070318036,0.8805087163458324
5.654866776461628,0.896385774725176
5.780530482605219,0.9104054902206417
5.906194188748811,0.9220180534461804
6.031857894892402,0.9307165551162848
6.157521601035994,0.9360927875042672
6.283185307179586,0.9378829455104355
0,1.1034937245122924
0.12566370614359174,1.1010791911594526
0.25132741228718347,1.0946175011074426
0.37699111843077515,1.0844226343692405
0.5026548245743669,1.0709708011467067
0.6283185307179586,1.0548483912243032
0.7539822368615503,1.0366873314730065
0.8796459430051421,1.0170970697409247
1.0053096491487339,0.9966036464539089
1.1309733552923256,0.975605259816471
1.2566370614359172,0.9543506515542945
1.382300767579509,0.9329426898299302
1.5079644737231006,0.9113658999991824
1.6336281798666925,0.8895338451379368
1.7592918860102842,0.8673498775391787
1.8849555921538756,0.8447725118485944
2.0106192982974678,0.8218748184086366
2.1362830044410597,0.7988868132092977
2.261946710584651,0.7762118676697267
2.3876104167282426,0.7544128848420826
2.5132741228718345,0.7341703378910645
2.6389378290154264,0.7162202424467584
2.764601535159018,0.7012836918851182
2.8902652413026093,0.6899996391758251
3.015928947446201,0.6828695735755026
3.141592653589793,0.6802182842366856
3.267256359733385,0.682171074657437
3.3929200658769765,0.6886460025770029
3.5185837720205684,0.6993601086773017
3.6442474781641603,0.7138500612389552
3.7699111843077513,0.7315084760029537
3.895574890451343,0.7516360001861488
4.0212385965949355,0.7735058460241716
4.1469023027385274,0.7964329840186422
4.272566008882119,0.8198367196912417
4.39822971502571,0.8432847976435095
4.523893421169302,0.8665102457141682
4.649557127312894,0.8893980351056547
4.775220833456485,0.9119452676065856
4.900884539600077,0.9342038312080735
5.026548245743669,0.9562169568359858
5.15221195188726,0.9779608147314991
5.277875658030853,0.9993001458983227
5.403539364174444,1.0199640645996189
5.529203070318036,1.0395452209339096
5.654866776461628,1.0575224929061724
5.780530482605219,1.0733041738057258
5.906194188748811,1.0862855431482645
6.031857894892402,1.0959125123912083
6.157521601035994,1.1017423870540264
6.283185307179586,1.1034937245122924
0,1.343837121439082
0.12566370614359174,1.3414682838338308
0.25132741228718347,1.334426177994754
0.37699111843077515,1.3230227060181983
0.5026548245743669,1.3077447907164044
0.6283185307179586,1.2892058481839077
0.7539822368615503,1.2680844693024191
0.8796459430051421,1.2450575456823194
1.0053096491487339,1.220736711521572
1.1309733552923256,1.19561715657578
1.2566370614359172,1.1700463955698122
1.382300767579509,1.144217865117544
1.5079644737231006,1.1181908813040213
1.6336281798666925,1.0919349051354457
1.7592918860102842,1.0653923204945714
1.8849555921538756,1.0385502458534583
2.0106192982974678,1.011509015161914
2.1362830044410597,0.9845340499297945
2.261946710584651,0.9580799056847077
2.3876104167282426,0.9327804090675117
2.5132741228718345,0.9094058499122918
2.6389378290154264,0.8887950559891806
2.764601535159018,0.8717746864658146
2.8902652413026093,0.8590789904642695
3.015928947446201,0.8512808465314177
3.141592653589793,0.8487406937923763
3.267256359733385,0.8515760014905478
3.3929200658769765,0.8596516161555081
3.5185837720205684,0.8725908251596496
3.6442474781641603,0.8898072254817645
3.7699111843077513,0.9105569499385044
3.895574890451343,0.9340084516501209
4.0212385965949355,0.9593230735428347
4.1469023027385274,0.9857354800897854
4.272566008882119,1.0126207163885992
4.39822971502571,1.0395357116395654
4.523893421169302,1.066227659378803
4.649557127312894,1.0926085965630832
4.775220833456485,1.1187024869901032
4.900884539600077,1.1445761210806802
5.026548245743669,1.1702670717141803
5.15221195188726,1.1957209461265088
5.277875658030853,1.220747275880789
5.403539364174444,1.244999752102258
5.529203070318036,1.267982836265722
5.654866776461628,1.2890832289860115
5.780530482605219,1.3076213354905404
5.906194188748811,1.3229151212150618
6.031857894892402,1.3343472587107679
6.157521601035994,1.341426656315874
6.283185307179586,1.343837121439082
0,1.3438371214390714
0.12566370614359174,1.3414682838338199
0.25132741228718347,1.3344261779947397
0.37699111843077515,1.3230227060181885
0.5026548245743669,1.3077447907163937
0.6283185307179586,1.289205848183897
0.7539822368615503,1.2680844693024085
0.8796459430051421,1.245057545682307
1.0053096491487339,1.2207367115215615
1.1309733552923256,1.1956171565757696
1.2566370614359172,1.1700463955698015
1.382300767579509,1.144217865117536
1.5079644737231006,1.118190881304011
1.6336281798666925,1.0919349051354337
1.7592918860102842,1.0653923204945606
1.8849555921538756,1.0385502458534475
2.0106192982974678,1.0115090151619066
2.1362830044410597,0.9845340499297878
2.261946710584651,0.9580799056846974
2.3876104167282426,0.9327804090675045
2.5132741228718345,0.9094058499122845
2.6389378290154264,0.8887950559891733
2.764601535159018,0.871774686465806
2.8902652413026093,0.8590789904642605
3.015928947446201,0.8512808465314085
3.141592653589793,0.8487406937923667
3.267256359733385,0.8515760014905378
3.3929200658769765,0.8596516161554956
3.5185837720205684,0.8725908251596386
3.6442474781641603,0.8898072254817535
3.7699111843077513,0.9105569499384903
3.895574890451343,0.934008451650108
4.0212385965949355,0.9593230735428212
4.1469023027385274,0.9857354800897714
4.272566008882119,1.0126207163885865
4.39822971502571,1.039535711639553
4.523893421169302,1.066227659378788
4.649557127312894,1.0926085965630683
4.775220833456485,1.1187024869900888
4.900884539600077,1.1445761210806662
5.026548245743669,1.1702670717141668
5.15221195188726,1.1957209461264962
5.277875658030853,1.2207472758807758
5.403539364174444,1.2449997521022436
5.529203070318036,1.2679828362657093
5.654866776461628,1.2890832289859993
5.780530482605219,1.3076213354905275
5.906194188748811,1.3229151212150507
6.031857894892402,1.3343472587107548
6.157521601035994,1.3414266563158603
6.283185307179586,1.3438371214390719
0,1.4026107290770986
0.12566370614359174,1.400257559708927
0.25132741228718347,1.3929410256079229
0.37699111843077515,1.3810077356072388
0.5026548245743669,1.3649990569358377
0.6283185307179586,1.3455912577272637
0.7539822368615503,1.3235221968924922
0.8796459430051421,1.2995144002633712
1.0053096491487339,1.2742055459856445
1.1309733552923256,1.248096563707502
1.2566370614359172,1.2215247879329834
1.382300767579509,1.1946656901419928
1.5079644737231006,1.1675625903679703
1.6336281798666925,1.1401799204585175
1.7592918860102842,1.1124721182800765
1.8849555921538756,1.0844571746909228
2.0106192982974678,1.0562818806211236
2.1362830044410597,1.0282660232923388
2.261946710584651,1.0009159991757197
2.3876104167282426,0.9749043476146304
2.5132741228718345,0.9510190442724766
2.6389378290154264,0.9300926867748563
2.764601535159018,0.9129248514923844
2.8902652413026093,0.9002100703023275
3.015928947446201,0.8924799263278296
3.141592653589793,0.8900627773941427
3.267256359733385,0.8930608120455509
3.3929200658769765,0.9013428151913523
3.5185837720205684,0.9145519783233284
3.6442474781641603,0.932129875757575
3.7699111843077513,0.9533584350447498
3.895574890451343,0.9774200192787288
4.0212385965949355,1.0034716078080224
4.1469023027385274,1.0307239632223075
4.272566008882119,1.0585128871145633
4.39822971502571,1.0863491878906573
4.523893421169302,1.1139374898425236
4.649557127312894,1.141160502979388
4.775220833456485,1.1680326681356068
4.900884539600077,1.1946329040467478
5.026548245743669,1.2210291426516953
5.15221195188726,1.2472074146543675
5.277875658030853,1.2730163769684733
5.403539364174444,1.2981354094965833
5.529203070318036,1.3220712179128529
5.654866776461628,1.3441841331885893
5.780530482605219,1.3637409134678704
5.906194188748811,1.3799864235005517
6.031857894892402,1.3922233048038697
6.157521601035994,1.39988773019778
6.283185307179586,1.402610729077099
0,1.4593849797089424
0.12566370614359174,1.4565467390555749
0.25132741228718347,1.4486143012629609
0.37699111843077515,1.4359611365010638
0.5026548245743669,1.4191591425605632
0.6283185307179586,1.3989173236207761
0.7539822368615503,1.3760060636676752
0.8796459430051421,1.3511773351970213
1.0053096491487339,1.325092476032562
1.1309733552923256,1.29826816791211
1.2566370614359172,1.271048178990287
1.382300767579509,1.243604311598831
1.5079644737231006,1.2159659162279621
1.6336281798666925,1.1880737589704662
1.7592918860102842,1.159850797174181
1.8849555921538756,1.1312793749294965
2.0106192982974678,1.1024719993655332
2.1362830044410597,1.0737223603371187
2.261946710584651,1.0455257278266683
2.3876104167282426,1.0185634772712588
2.5132741228718345,0.9936540148813975
2.6389378290154264,0.9716794807039886
2.764601535159018,0.9535019050456969
2.8902652413026093,0.9398826902144719
3.015928947446201,0.931415840465491
3.141592653589793,0.9284802143523374
3.267256359733385,0.9312116288367271
3.3929200658769765,0.939493544830816
3.5185837720205684,0.952965432159408
3.6442474781641603,0.9710494126735596
3.7699111843077513,0.9929964218695434
3.895574890451343,1.017951399099085
4.0212385965949355,1.0450327914111452
4.1469023027385274,1.0734164134967363
4.272566008882119,1.1024098699519627
4.39822971502571,1.1315034630510972
4.523893421169302,1.1603875059292579
4.649557127312894,1.1889331245074992
4.775220833456485,1.2171415494140363
4.900884539600077,1.2450730357926711
5.026548245743669,1.27276938397106
5.15221195188726,1.3001835508092432
5.277875658030853,1.3271271546428405
5.403539364174444,1.3532431159264984
5.529203070318036,1.3780069932062509
5.654866776461628,1.400756833254303
5.780530482605219,1.4207474818030559
5.906194188748811,1.4372216860478424
6.031857894892402,1.4494878211685789
6.157521601035994,1.4569934274199152
6.283185307179586,1.459384979708942
0,1.5070315815459028
0.12566370614359174,1.5048974365508387
0.25132741228718347,1.497569012147492
0.37699111843077515,1.4853857670109434
0.5026548245743669,1.4688868562193877
0.6283185307179586,1.4487522952236374
0.7539822368615503,1.4257307050860142
0.8796459430051421,1.4005627128443476
1.0053096491487339,1.3739104235092843
1.1309733552923256,1.3463031056004169
1.2566370614359172,1.3181071403218385
1.382300767579509,1.2895248166815163
1.5079644737231006,1.2606224159786747
1.6336281798666925,1.2313837332181259
1.7592918860102842,1.2017810043812003
1.8849555921538756,1.1718515569279058
2.0106192982974678,1.1417662460175626
2.1362830044410597,1.1118760198046718
2.261946710584651,1.0827264987434277
2.3876104167282426,1.0550368705723738
2.5132741228718345,1.0296470268764046
2.6389378290154264,1.0074433124048428
2.764601535159018,0.9892764715066468
2.8902652413026093,0.9758846147070983
3.015928947446201,0.9678302061035169
3.141592653589793,0.9654552586229735
3.267256359733385,0.968855272224304
3.3929200658769765,0.9778711362082841
3.5185837720205684,0.992098940709822
3.6442474781641603,1.0109189059339907
3.7699111843077513,1.033544624078916
3.895574890451343,1.0590914150594446
4.0212385965949355,1.0866581094499546
4.1469023027385274,1.1154116358120785
4.272566008882119,1.144660652433102
4.39822971502571,1.1739048540398918
4.523893421169302,1.2028508178547443
4.649557127312894,1.2313920631135498
4.775220833456485,1.259558174244868
4.900884539600077,1.2874432932393611
5.026548245743669,1.3151269342841387
5.15221195188726,1.342600054880328
5.277875658030853,1.3697075299347452
5.403539364174444,1.3961154791800074
5.529203070318036,1.4213085895565571
5.654866776461628,1.444618514714317
5.780530482605219,1.4652796889413735
5.906194188748811,1.4825042398702073
6.031857894892402,1.4955644307634033
6.157521601035994,1.503870260692141
6.283185307179586,1.507031581545903
0,1.547578797633621
0.12566370614359174,1.54487952124884
0.25132741228718347,1.5369531357863364
0.37699111843077515,1.5241658698605223
0.5026548245743669,1.5070846940072489
0.6283185307179586,1.4864171039089622
0.7539822368615503,1.4629363597307756
0.8796459430051421,1.4374020082719041
1.0053096491487339,1.4104869794946022
1.1309733552923256,1.3827219604874963
1.2566370614359172,1.3544651190417258
1.382300767579509,1.3259013506541049
1.5079644737231006,1.2970710268414951
1.6336281798666925,1.2679242800745547
1.7592918860102842,1.2383932178831598
1.8849555921538756,1.2084711464251898
2.0106192982974678,1.1782854562920013
2.1362830044410597,1.1481503774160728
2.261946710584651,1.1185883760414244
2.3876104167282426,1.0903146786491522
2.5132741228718345,1.0641870416957382
2.6389378290154264,1.041130148188917
2.764601535159018,1.022048509486556
2.8902652413026093,1.0077421455980322
3.015928947446201,0.9988360028837128
3.141592653589793,0.9957289475110886
3.267256359733385,0.9985636490343375
3.3929200658769765,1.0072164111051631
3.5185837720205684,1.0213061694058034
3.6442474781641603,1.0402231501208894
3.7699111843077513,1.0631781100428903
3.895574890451343,1.0892712038701615
4.0212385965949355,1.1175752701087291
4.1469023027385274,1.1472231695646964
4.272566008882119,1.177485109677757
4.39822971502571,1.2078217047776831
4.523893421169302,1.2379025410191196
4.649557127312894,1.2675871627656758
4.775220833456485,1.2968733602509532
4.900884539600077,1.3258239565758372
5.026548245743669,1.3544864209321965
5.15221195188726,1.3828194216388514
5.277875658030853,1.410637823230888
5.403539364174444,1.437583878185798
5.529203070318036,1.4631283002480318
5.654866776461628,1.4866007896446776
5.780530482605219,1.5072455076788178
5.906194188748811,1.5242933973275943
6.031857894892402,1.5370408932450297
6.157521601035994,1.5449240878210886
6.283185307179586,1.5475787976336213
0,1.5475787976337831
0.12566370614359174,1.544879521248995
0.25132741228718347,1.5369531357864865
0.37699111843077515,1.524165869860672
0.5026548245743669,1.5070846940073979
0.6283185307179586,1.486417103909108
0.7539822368615503,1.4629363597309244
0.8796459430051421,1.4374020082720547
1.0053096491487339,1.4104869794947497
1.1309733552923256,1.3827219604876406
1.2566370614359172,1.3544651190418655
1.382300767579509,1.3259013506542414
1.5079644737231006,1.297071026841631
1.6336281798666925,1.2679242800746868
1.7592918860102842,1.2383932178832853
1.8849555921538756,1.208471146425308
2.0106192982974678,1.1782854562921123
2.1362830044410597,1.148150377416175
2.261946710584651,1.118588376041523
2.3876104167282426,1.0903146786492437
2.5132741228718345,1.0641870416958228
2.6389378290154264,1.0411301481889985
2.764601535159018,1.0220485094866318
2.8902652413026093,1.0077421455981035
3.015928947446201,0.9988360028837846
3.141592653589793,0.9957289475111587
3.267256359733385,0.9985636490344092
3.3929200658769765,1.0072164111052364
3.5185837720205684,1.0213061694058816
3.6442474781641603,1.0402231501209724
3.7699111843077513,1.0631781100429796
3.895574890451343,1.0892712038702541
4.0212385965949355,1.1175752701088317
4.1469023027385274,1.1472231695648065
4.272566008882119,1.1774851096778742
4.39822971502571,1.207821704777808
4.523893421169302,1.2379025410192535
4.649557127312894,1.2675871627658184
4.775220833456485,1.2968733602510985
4.900884539600077,1.325823956575987
5.026548245743669,1.354486420932351
5.15221195188726,1.3828194216390106
5.277875658030853,1.4106378232310495
5.403539364174444,1.4375838781859622
5.529203070318036,1.4631283002481914
5.654866776461628,1.4866007896448383
5.780530482605219,1.507245507678977
5.906194188748811,1.5242933973277555
6.031857894892402,1.537040893245191
6.157521601035994,1.5449240878212456
6.283185307179586,1.547578797633783
0,1.5808366701792695
0.12566370614359174,1.5780498279272022
0.25132741228718347,1.5699504998737916
0.37699111843077515,1.556898554246199
0.5026548245743669,1.5394469969831472
0.6283185307179586,1.5182891625593609
0.7539822368615503,1.4941925442953905
0.8796459430051421,1.4679264319271628
1.0053096491487339,1.4401924004816171
1.1309733552923256,1.411567273690131
1.2566370614359172,1.382467054597028
1.382300767579509,1.3531376547831564
1.5079644737231006,1.3236745774958982
1.6336281798666925,1.2940695020967574
1.7592918860102842,1.2642773382768238
1.8849555921538756,1.2342932529495636
2.0106192982974678,1.2042262726357642
2.1362830044410597,1.1743554214164935
2.261946710584651,1.14515677312409
2.3876104167282426,1.1172951929302404
2.5132741228718345,1.091581694042623
2.6389378290154264,1.0689041987508079
2.764601535159018,1.0501440181934991
2.8902652413026093,1.0360913977232389
3.015928947446201,1.0273712770964598
3.141592653589793,1.0243864842133599
3.267256359733385,1.0272818379227022
3.3929200658769765,1.0359304167192676
3.5185837720205684,1.049942661381013
3.6442474781641603,1.068698953086607
3.7699111843077513,1.0914053327598918
3.895574890451343,1.1171691446981167
4.0212385965949355,1.1450869051446757
4.1469023027385274,1.1743321932876363
4.272566008882119,1.20422895189028
4.39822971502571,1.2342968200009599
4.523893421169302,1.2642601471109216
4.649557127312894,1.2940197749797924
4.775220833456485,1.3235942578439681
4.900884539600077,1.353042799381863
5.026548245743669,1.3823846488239127
5.15221195188726,1.4115290408770595
5.277875658030853,1.4402268268116045
5.403539364174444,1.4680507546874113
5.529203070318036,1.4944066766791406
5.654866776461628,1.5185732739342084
5.780530482605219,1.5397636900625176
5.906194188748811,1.5571994442246482
6.031857894892402,1.5701858307829335
6.157521601035994,1.578178913397723
6.283185307179586,1.5808366701792695
0,1.5995549506933309
0.12566370614359174,1.5963897134001763
0.25132741228718347,1.5879738853359637
0.37699111843077515,1.574694188309572
0.5026548245743669,1.5571355842368606
0.6283185307179586,1.5360204796484813
0.7539822368615503,1.5121332445837439
0.8796459430051421,1.4862400939503193
1.0053096491487339,1.459015910383345
1.1309733552923256,1.4309889187750897
1.2566370614359172,1.4025113270074463
1.382300767579509,1.3737599691361468
1.5079644737231006,1.3447666370470834
1.6336281798666925,1.3154737435424868
1.7592918860102842,1.2858073163938692
1.8849555921538756,1.2557561616835333
2.0106192982974678,1.2254439082521567
2.1362830044410597,1.195180547520955
2.261946710584651,1.1654828697614796
2.3876104167282426,1.1370588588147321
2.5132741228718345,1.110758411516634
2.6389378290154264,1.0874995556975107
2.764601535159018,1.0681834870470366
2.8902652413026093,1.0536120556719293
3.015928947446201,1.0444182037180196
3.141592653589793,1.0410150469552246
3.267256359733385,1.0435650275340178
3.3929200658769765,1.0519684068329038
3.5185837720205684,1.065870486239066
3.6442474781641603,1.0846881291969999
3.7699111843077513,1.1076565580735591
3.895574890451343,1.133895599788166
4.0212385965949355,1.1624904447992637
4.1469023027385274,1.1925769540844353
4.272566008882119,1.2234178684128256
4.39822971502571,1.2544559572623615
4.523893421169302,1.2853338993560663
4.649557127312894,1.3158775350939078
4.775220833456485,1.3460468894920499
4.900884539600077,1.3758656756528926
5.026548245743669,1.4053433155206398
5.15221195188726,1.4344035857211046
5.277875658030853,1.4628315659793079
5.403539364174444,1.490246748938302
5.529203070318036,1.5161058322260244
5.654866776461628,1.5397343244039807
5.780530482605219,1.5603819931044327
5.906194188748811,1.5772938728163037
6.031857894892402,1.5897866537383682
6.157521601035994,1.5973201475550753
6.283185307179586,1.5995549506933306
0,1.6103914771898422
0.12566370614359174,1.6082288722244422
0.25132741228718347,1.600699923255343
0.37699111843077515,1.5881531802983948
0.5026548245743669,1.5711470175270377
0.6283185307179586,1.5503870392171752
0.7539822368615503,1.5266492497920494
0.8796459430051421,1.5006991298393688
1.0053096491487339,1.473218050116954
1.1309733552923256,1.4447478688317004
1.2566370614359172,1.415661954019947
1.382300767579509,1.3861668272279044
1.5079644737231006,1.356334001175944
1.6336281798666925,1.3261570283446507
1.7592918860102842,1.295624635243829
1.8849555921538756,1.2647975001267286
2.0106192982974678,1.2338745397128075
2.1362830044410597,1.2032355029435182
2.261946710584651,1.1734507646082324
2.3876104167282426,1.1452559011961152
2.5132741228718345,1.1194961447432696
2.6389378290154264,1.097051792684933
2.764601535159018,1.078758212024254
2.8902652413026093,1.065332695294457
3.015928947446201,1.0573162018452886
3.141592653589793,1.055033095553214
3.267256359733385,1.05856848269963
3.3929200658769765,1.0677617382860187
3.5185837720205684,1.0822158942174511
3.6442474781641603,1.101324202635985
3.7699111843077513,1.1243155443249815
3.895574890451343,1.150318284694519
4.0212385965949355,1.1784378977409422
4.1469023027385274,1.2078387350690778
4.272566008882119,1.2378169101732956
4.39822971502571,1.2678511640670178
4.523893421169302,1.2976222200623329
4.649557127312894,1.3269974282073511
4.775220833456485,1.3559843866836276
4.900884539600077,1.384662701860905
5.026548245743669,1.41310601195207
5.15221195188726,1.4413069024353664
5.277875658030853,1.4691161489128655
5.403539364174444,1.496205556874455
5.529203070318036,1.5220607033653208
5.654866776461628,1.5460058927207379
5.780530482605219,1.5672586377348414
5.906194188748811,1.5850057842753802
6.031857894892402,1.5984894634667406
6.157521601035994,1.607089647679476
6.283185307179586,1.6103914771898422
0,1.612606032642428
0.12566370614359174,1.6097783765447335
0.25132741228718347,1.601704057338277
0.37699111843077515,1.588748180499775
0.5026548245743669,1.5714784644191768
0.6283185307179586,1.5506054093964408
0.7539822368615503,1.5269073697354838
0.8796459430051421,1.501150466224697
1.0053096491487339,1.474014841917847
1.1309733552923256,1.446038261122795
1.2566370614359172,1.41758543775681
1.382300767579509,1.3888474665842552
1.5079644737231006,1.3598712823121915
1.6336281798666925,1.3306148273219622
1.7592918860102842,1.3010197666127048
1.8849555921538756,1.2710903023067053
2.0106192982974678,1.2409644839930254
2.1362830044410597,1.210964387949882
2.261946710584651,1.1816145180892574
2.3876104167282426,1.1536237411839116
2.5132741228718345,1.1278336904240038
2.6389378290154264,1.1051435631943873
2.764601535159018,1.0864253062877918
2.8902652413026093,1.0724431393885583
3.015928947446201,1.0637877455743077
3.141592653589793,1.0608302158352736
3.267256359733385,1.0636963362636815
3.3929200658769765,1.0722596331173013
3.5185837720205684,1.0861518393970226
3.6442474781641603,1.1047908325528373
3.7699111843077513,1.1274267468733157
3.895574890451343,1.1532054910225848
4.0212385965949355,1.1812451825917674
4.1469023027385274,1.2107163548388027
4.272566008882119,1.2409133328391315
4.39822971502571,1.271303822854862
4.523893421169302,1.3015472068437144
4.649557127312894,1.3314783985138536
4.775220833456485,1.3610613519259172
4.900884539600077,1.3903221756327908
5.026548245743669,1.4192748322962407
5.15221195188726,1.4478523955850076
5.277875658030853,1.4758546308313294
5.403539364174444,1.5029194116555251
5.529203070318036,1.5285219321016257
5.654866776461628,1.5520019899216264
5.780530482605219,1.5726157914035341
5.906194188748811,1.5896051065674441
6.031857894892402,1.6022739676447937
6.157521601035994,1.610062198299361
6.283185307179586,1.6126060326424279
0,1.6126060326422373
0.12566370614359174,1.6097783765445437
0.25132741228718347,1.6017040573380863
0.37699111843077515,1.5887481804995793
0.5026548245743669,1.5714784644189956
0.6283185307179586,1.5506054093962678
0.7539822368615503,1.526907369735326
0.8796459430051421,1.501150466224555
1.0053096491487339,1.474014841917724
1.1309733552923256,1.4460382611226978
1.2566370614359172,1.4175854377567338
1.382300767579509,1.388847466584209
1.5079644737231006,1.3598712823121772
1.6336281798666925,1.330614827321974
1.7592918860102842,1.3010197666127472
1.8849555921538756,1.2710903023067734
2.0106192982974678,1.240964483993117
2.1362830044410597,1.2109643879499992
2.261946710584651,1.1816145180893955
2.3876104167282426,1.1536237411840677
2.5132741228718345,1.1278336904241706
2.6389378290154264,1.1051435631945592
2.764601535159018,1.086425306287966
2.8902652413026093,1.0724431393887357
3.015928947446201,1.063787745574483
3.141592653589793,1.0608302158354483
3.267256359733385,1.063696336263852
3.3929200658769765,1.0722596331174687
3.5185837720205684,1.0861518393971874
3.6442474781641603,1.1047908325529983
3.7699111843077513,1.1274267468734755
3.895574890451343,1.1532054910227416
4.0212385965949355,1.1812451825919208
4.1469023027385274,1.210716354838948
4.272566008882119,1.24091333283927
4.39822971502571,1.2713038228549944
4.523893421169302,1.3015472068438327
4.649557127312894,1.3314783985139576
4.775220833456485,1.3610613519260009
4.900884539600077,1.3903221756328517
5.026548245743669,1.4192748322962778
5.15221195188726,1.4478523955850187
5.277875658030853,1.4758546308313076
5.403539364174444,1.5029194116554732
5.529203070318036,1.5285219321015462
5.654866776461628,1.5520019899215167
5.780530482605219,1.5726157914034045
5.906194188748811,1.5896051065672916
6.031857894892402,1.6022739676446243
6.157521601035994,1.610062198299177
6.283185307179586,1.6126060326422376
0,1.6085538868812908
0.12566370614359174,1.6059942501412343
0.25132741228718347,1.5982358382664799
0.37699111843077515,1.5856301421973746
0.5026548245743669,1.5687219227031823
0.6283185307179586,1.548192486612971
0.7539822368615503,1.5247902255436638
0.8796459430051421,1.4992571187577812
1.0053096491487339,1.4722610564247955
1.1309733552923256,1.4443433968026225
1.2566370614359172,1.4158890988552761
1.382300767579509,1.3871235863450788
1.5079644737231006,1.3581368528563311
1.6336281798666925,1.3289315965237611
1.7592918860102842,1.299488507031707
1.8849555921538756,1.2698384720833003
2.0106192982974678,1.2401291430339456
2.1362830044410597,1.2106730531701004
2.261946710584651,1.1819671223823691
2.3876104167282426,1.1546788045003047
2.5132741228718345,1.1296010571783512
2.6389378290154264,1.1075846529819047
2.764601535159018,1.0894600957993603
2.8902652413026093,1.075961569860024
3.015928947446201,1.0676624317276358
3.141592653589793,1.0649274665903172
3.267256359733385,1.0678834842062008
3.3929200658769765,1.076408129316362
3.5185837720205684,1.0901370121934322
3.6442474781641603,1.1084902028358272
3.7699111843077513,1.1307190822898723
3.895574890451343,1.1559723361813214
4.0212385965949355,1.1833756084004465
4.1469023027385274,1.2121144721017383
4.272566008882119,1.2415071041977586
4.39822971502571,1.2710531854221674
4.523893421169302,1.3004495931715232
4.649557127312894,1.3295703080765908
4.775220833456485,1.3584154371353812
4.900884539600077,1.3870401268638322
5.026548245743669,1.4154770443398381
5.15221195188726,1.4436659485373693
5.277875658030853,1.4714015062933252
5.403539364174444,1.4983069898490564
5.529203070318036,1.5238375093827141
5.654866776461628,1.5473122259823142
5.780530482605219,1.5679707713146525
5.906194188748811,1.5850454480562521
6.031857894892402,1.597838555040123
6.157521601035994,1.6057939768600433
6.283185307179586,1.6085538868812908
0,1.5986537705464787
0.12566370614359174,1.5958581887820171
0.25132741228718347,1.5880751725312174
0.37699111843077515,1.5756460556653789
0.5026548245743669,1.5590909988313026
0.6283185307179586,1.5390585081427126
0.7539822368615503,1.516262317955113
0.8796459430051421,1.491413044103863
1.0053096491487339,1.4651536120010427
1.1309733552923256,1.4380076171054959
1.2566370614359172,1.410348267546292
1.382300767579509,1.3823927394660442
1.5079644737231006,1.3542232405098245
1.6336281798666925,1.325832286039412
1.7592918860102842,1.2971859001215627
1.8849555921538756,1.2682949827484844
2.0106192982974678,1.2392826152772143
2.1362830044410597,1.2104345712881721
2.261946710584651,1.1822225287026085
2.3876104167282426,1.1552944280705333
2.5132741228718345,1.1304330145746657
2.6389378290154264,1.1084899647365007
2.764601535159018,1.0903072097941096
2.8902652413026093,1.076638011051916
3.015928947446201,1.0680782178316224
3.141592653589793,1.0650143185758671
3.267256359733385,1.0675911945235985
3.3929200658769765,1.0757002301198226
3.5185837720205684,1.0889878358691065
3.6442474781641603,1.1068845922945616
3.7699111843077513,1.1286547215279432
3.895574890451343,1.153463422550382
4.0212385965949355,1.1804558378379737
4.1469023027385274,1.2088373119093894
4.272566008882119,1.2379420397913188
4.39822971502571,1.2672777440372807
4.523893421169302,1.2965380652969443
4.649557127312894,1.3255808937920925
4.775220833456485,1.3543779320927811
4.900884539600077,1.382946306055076
5.026548245743669,1.4112757235488915
5.15221195188726,1.4392643284532147
5.277875658030853,1.466673720366905
5.403539364174444,1.4931096529227073
5.529203070318036,1.5180305560926937
5.654866776461628,1.5407818036053356
5.780530482605219,1.5606499891414658
5.906194188748811,1.576928872269496
6.031857894892402,1.588987574283791
6.157521601035994,1.5963321828106984
6.283185307179586,1.5986537705464787
0,1.581516175140529
0.12566370614359174,1.5788993290047584
0.25132741228718347,1.571251280983878
0.37699111843077515,1.558930251055264
0.5026548245743669,1.5424890021267519
0.6283185307179586,1.5226139515342259
0.7539822368615503,1.5000506176294972
0.8796459430051421,1.4755257542047564
1.0053096491487339,1.4496776624150858
1.1309733552923256,1.42300518726505
1.2566370614359172,1.3958428851674811
1.382300767579509,1.3683655699888768
1.5079644737231006,1.3406208920518696
1.6336281798666925,1.3125844615749487
1.7592918860102842,1.2842285920113299
1.8849555921538756,1.255593245934829
2.0106192982974678,1.226846714164869
2.1362830044410597,1.1983246332685742
2.261946710584651,1.1705395436334545
2.3876104167282426,1.1441588929120037
2.5132741228718345,1.1199558212973921
2.6389378290154264,1.0987423120364705
2.764601535159018,1.081296722557502
2.8902652413026093,1.06829676220335
3.015928947446201,1.0602654387905415
3.141592653589793,1.0575331139838944
3.267256359733385,1.0602154539802855
3.3929200658769765,1.068205838639867
3.5185837720205684,1.0811815720390945
3.6442474781641603,1.0986248109780414
3.7699111843077513,1.1198598585017057
3.895574890451343,1.1441071480661908
4.0212385965949355,1.1705507564843929
4.1469023027385274,1.1984117657770765
4.272566008882119,1.2270161600892955
4.39822971502571,1.2558449861283607
4.523893421169302,1.28455701299041
4.649557127312894,1.312979497041043
4.775220833456485,1.3410692047052122
4.900884539600077,1.3688516135916504
5.026548245743669,1.3963498117858992
5.15221195188726,1.4235156467124455
5.277875658030853,1.450174563683176
5.403539364174444,1.4759930284264189
5.529203070318036,1.5004739580684023
5.654866776461628,1.5229814368851151
5.780530482605219,1.5427914714236934
5.906194188748811,1.5591613240582844
6.031857894892402,1.5714070134560085
6.157521601035994,1.5789776239062554
6.283185307179586,1.581516175140529
0,1.5619096166922928
0.12566370614359174,1.5589643361397478
0.25132741228718347,1.5511712985024613
0.37699111843077515,1.5388820383822372
0.5026548245743669,1.5226299596247157
0.6283185307179586,1.503075678546601
0.7539822368615503,1.4809389433264062
0.8796459430051421,1.4569259867292779
1.0053096491487339,1.4316626895259323
1.1309733552923256,1.4056436087255961
1.2566370614359172,1.3792046413850048
1.382300767579509,1.3525233997999582
1.5079644737231006,1.3256471048501457
1.6336281798666925,1.2985436393112746
1.7592918860102842,1.2711677350769908
1.8849555921538756,1.2435314404983608
2.0106192982974678,1.215766579447408
2.1362830044410597,1.1881675686022222
2.261946710584651,1.161206121976716
2.3876104167282426,1.1355147065645443
2.5132741228718345,1.1118418783803306
2.6389378290154264,1.0909880288034166
2.764601535159018,1.07373299046626
2.8902652413026093,1.0607666920606083
3.015928947446201,1.0526311674341802
3.141592653589793,1.0496782462647656
3.267256359733385,1.0520439274717797
3.3929200658769765,1.0596388808409813
3.5185837720205684,1.0721547316901632
3.6442474781641603,1.0890867168311635
3.7699111843077513,1.1097734943348772
3.895574890451343,1.1334532884314363
4.0212385965949355,1.1593321395643366
4.1469023027385274,1.1866559456522754
4.272566008882119,1.2147750161632742
4.39822971502571,1.2431895884852329
4.523893421169302,1.2715677340513
4.649557127312894,1.2997325648610532
4.775220833456485,1.3276219551874768
4.900884539600077,1.3552292784162199
5.026548245743669,1.3825366853884007
5.15221195188726,1.4094529220821654
5.277875658030853,1.4357660730436166
5.403539364174444,1.4611186782935304
5.529203070318036,1.485009022904276
5.654866776461628,1.5068184338885091
5.780530482605219,1.525860522466092
5.906194188748811,1.54144505451548
6.031857894892402,1.5529471793525038
6.157521601035994,1.559872485580295
6.283185307179586,1.5619096166922928
0,1.56190961669234
0.12566370614359174,1.558964336139791
0.25132741228718347,1.5511712985025028
0.37699111843077515,1.5388820383822828
0.5026548245743669,1.5226299596247554
0.6283185307179586,1.5030756785466393
0.7539822368615503,1.4809389433264446
0.8796459430051421,1.4569259867293136
1.0053096491487339,1.4316626895259648
1.1309733552923256,1.4056436087256272
1.2566370614359172,1.3792046413850345
1.382300767579509,1.3525233997999822
1.5079644737231006,1.325647104850175
1.6336281798666925,1.2985436393112972
1.7592918860102842,1.271167735077012
1.8849555921538756,1.2435314404983837
2.0106192982974678,1.2157665794474297
2.1362830044410597,1.188167568602242
2.261946710584651,1.1612061219767371
2.3876104167282426,1.1355147065645637
2.5132741228718345,1.1118418783803528
2.6389378290154264,1.0909880288034373
2.764601535159018,1.0737329904662818
2.8902652413026093,1.060766692060632
3.015928947446201,1.0526311674342033
3.141592653589793,1.0496782462647891
3.267256359733385,1.052043927471806
3.3929200658769765,1.0596388808410095
3.5185837720205684,1.0721547316901914
3.6442474781641603,1.0890867168311935
3.7699111843077513,1.1097734943349102
3.895574890451343,1.1334532884314739
4.0212385965949355,1.1593321395643743
4.1469023027385274,1.186655945652313
4.272566008882119,1.2147750161633164
4.39822971502571,1.2431895884852768
4.523893421169302,1.2715677340513463
4.649557127312894,1.2997325648611004
4.775220833456485,1.3276219551875261
4.900884539600077,1.3552292784162723
5.026548245743669,1.3825366853884489
5.15221195188726,1.4094529220822147
5.277875658030853,1.4357660730436665
5.403539364174444,1.4611186782935812
5.529203070318036,1.4850090229043276
5.654866776461628,1.5068184338885586
5.780530482605219,1.525860522466138
5.906194188748811,1.5414450545155254
6.031857894892402,1.5529471793525498
6.157521601035994,1.5598724855803405
6.283185307179586,1.5619096166923405
0,1.538306968896205
0.12566370614359174,1.5356741224832429
0.25132741228718347,1.528220172999928
0.37699111843077515,1.51628062901352
0.5026548245743669,1.5003703396318178
0.6283185307179586,1.4811306424382709
0.7539822368615503,1.459264410660069
0.8796459430051421,1.4354672610696306
1.0053096491487339,1.4103643487712314
1.1309733552923256,1.384461755842631
1.2566370614359172,1.3581194135290733
1.382300767579509,1.3315492638418356
1.5079644737231006,1.3048386600045832
1.6336281798666925,1.277995357224346
1.7592918860102842,1.2510071418046
1.8849555921538756,1.2239064633377998
2.0106192982974678,1.1968288872555213
2.1362830044410597,1.1700544762283915
2.261946710584651,1.1440238312631346
2.3876104167282426,1.1193252800448257
2.5132741228718345,1.096655507079125
2.6389378290154264,1.0767610980436877
2.764601535159018,1.0603714371997466
2.8902652413026093,1.048133404904751
3.015928947446201,1.0405558237711614
3.141592653589793,1.0379680091333703
3.267256359733385,1.0404937439712854
3.3929200658769765,1.0480405927419916
3.5185837720205684,1.0603046927072584
3.6442474781641603,1.07679201185566
3.7699111843077513,1.096857117477876
3.895574890451343,1.11975873129774
4.0212385965949355,1.1447277615615323
4.1469023027385274,1.1710392641202216
4.272566008882119,1.1980767250240514
4.39822971502571,1.225376789471948
4.523893421169302,1.2526456618892154
4.649557127312894,1.2797441025980563
4.775220833456485,1.3066445007886607
4.900884539600077,1.333368985232955
5.026548245743669,1.3599206263056873
5.15221195188726,1.386220156006379
5.277875658030853,1.4120587910878937
5.403539364174444,1.4370745293021125
5.529203070318036,1.4607554115574202
5.654866776461628,1.482469151570267
5.780530482605219,1.501514614025595
5.906194188748811,1.5171874190372683
6.031857894892402,1.5288501069619944
6.157521601035994,1.5359971993837576
6.283185307179586,1.5383069688962054
0,1.5168961011689108
0.12566370614359174,1.5147939097021177
0.25132741228718347,1.5081488621952477
0.37699111843077515,1.4972388226068865
0.5026548245743669,1.4825052739426008
0.6283185307179586,1.4645103376048552
0.7539822368615503,1.4438823828498806
0.8796459430051421,1.421256280689094
1.0053096491487339,1.3972158453641386
1.1309733552923256,1.372246538732493
1.2566370614359172,1.34670569929936
1.382300767579509,1.3208153977475554
1.5079644737231006,1.2946798104215582
1.6336281798666925,1.2683251497200547
1.7592918860102842,1.2417561678427205
1.8849555921538756,1.215019701117655
2.0106192982974678,1.188263514074128
2.1362830044410597,1.1617787198643506
2.261946710584651,1.1360167576349007
2.3876104167282426,1.1115769309249932
2.5132741228718345,1.0891665912642245
2.6389378290154264,1.0695414228213627
2.764601535159018,1.0534363897973524
2.8902652413026093,1.0414980750670322
3.015928947446201,1.0342268545610216
3.141592653589793,1.0319339775372431
3.267256359733385,1.0347156795867338
3.3929200658769765,1.0424448699731246
3.5185837720205684,1.0547806377347815
3.6442474781641603,1.071195892822691
3.7699111843077513,1.0910227356351412
3.895574890451343,1.1135129563947248
4.0212385965949355,1.1379076932083256
4.1469023027385274,1.1635069271883103
4.272566008882119,1.1897277215937807
4.39822971502571,1.2161410435144335
4.523893421169302,1.2424807388505035
4.649557127312894,1.2686237562817082
4.775220833456485,1.2945463843028422
4.900884539600077,1.320265519914654
5.026548245743669,1.3457759621519436
5.15221195188726,1.3709944214968979
5.277875658030853,1.3957189663511995
5.403539364174444,1.4196097327798607
5.529203070318036,1.4421934273493404
5.654866776461628,1.4628907327550356
5.780530482605219,1.481062446709083
5.906194188748811,1.4960675035553825
6.031857894892402,1.5073245206942203
6.157521601035994,1.5143685437714238
6.283185307179586,1.5168961011689108
0,1.4880418968732754
0.12566370614359174,1.48512951571185
0.25132741228718347,1.477774892131207
0.37699111843077515,1.4662948913490892
0.5026548245743669,1.4511669391763065
0.6283185307179586,1.4329845190432478
0.7539822368615503,1.4124003585839662
0.8796459430051421,1.3900641097938031
1.0053096491487339,1.366563014052268
1.1309733552923256,1.3423742597720365
1.2566370614359172,1.317836280510589
1.382300767579509,1.2931434567474254
1.5079644737231006,1.2683652044364835
1.6336281798666925,1.2434868123438563
1.7592918860102842,1.2184659865766292
1.8849555921538756,1.1932961969702611
2.0106192982974678,1.1680660915261225
2.1362830044410597,1.1430041059789184
2.261946710584651,1.1184994534839077
2.3876104167282426,1.0950948818551527
2.5132741228718345,1.0734520895429522
2.6389378290154264,1.05429602515013
2.764601535159018,1.0383479049193243
2.8902652413026093,1.026257710391335
3.015928947446201,1.0185452545145168
3.141592653589793,1.0155556863710689
3.267256359733385,1.0174320257403318
3.3929200658769765,1.0241051409970097
3.5185837720205684,1.0353008081355493
3.6442474781641603,1.0505635007797387
3.7699111843077513,1.0692962744029797
3.895574890451343,1.0908146549691953
4.0212385965949355,1.1144097428248183
4.1469023027385274,1.1394126454931326
4.272566008882119,1.165250261278196
4.39822971502571,1.1914826053235712
4.523893421169302,1.2178147515247684
4.649557127312894,1.2440814392287982
4.775220833456485,1.2702080349133293
4.900884539600077,1.296156226412877
5.026548245743669,1.321865389504853
5.15221195188726,1.3472006349617613
5.277875658030853,1.3719165030482299
5.403539364174444,1.3956419190587066
5.529203070318036,1.4178881869038846
5.654866776461628,1.4380781361100752
5.780530482605219,1.455591543171332
5.906194188748811,1.4698200043721654
6.031857894892402,1.480223768675119
6.157521601035994,1.4863835772657343
6.283185307179586,1.488041896873276
0,1.460066978806944
0.12566370614359174,1.457718715718207
0.25132741228718347,1.4510087631923887
0.37699111843077515,1.4402307435282484
0.5026548245743669,1.4258412855533467
0.6283185307179586,1.4084129891311463
0.7539822368615503,1.3885757556439664
0.8796459430051421,1.366954175495639
1.0053096491487339,1.3441097934359258
1.1309733552923256,1.3204966759910461
1.2566370614359172,1.296436762433849
1.382300767579509,1.2721184647908779
1.5079644737231006,1.2476185370335495
1.6336281798666925,1.2229438335917833
1.7592918860102842,1.19808647662981
1.8849555921538756,1.1730834195310498
2.0106192982974678,1.1480699435889292
2.1362830044410597,1.123316937791082
2.261946710584651,1.0992443434047108
2.3876104167282426,1.076407676203525
2.5132741228718345,1.055460012633448
2.6389378290154264,1.0370966489823528
2.764601535159018,1.021992344533821
2.8902652413026093,1.010740970942833
3.015928947446201,1.0038049574208345
3.141592653589793,1.001478471607387
3.267256359733385,1.0038653454380437
3.3929200658769765,1.0108713407437215
3.5185837720205684,1.0222104660685927
3.6442474781641603,1.0374258106623255
3.7699111843077513,1.0559254840895325
3.895574890451343,1.0770328177069282
4.0212385965949355,1.1000469791141514
4.1469023027385274,1.1243065644417358
4.272566008882119,1.149246143015447
4.39822971502571,1.1744355328349818
4.523893421169302,1.1995942913549544
4.649557127312894,1.2245788556536503
4.775220833456485,1.249345438243212
4.900884539600077,1.2738964959621986
5.026548245743669,1.2982211947885072
5.15221195188726,1.3222405298090232
5.277875658030853,1.345766107859472
5.403539364174444,1.3684788347652173
5.529203070318036,1.3899305085908265
5.654866776461628,1.4095679730342783
5.780530482605219,1.426776293811325
5.906194188748811,1.4409347562670614
6.031857894892402,1.4514778156475652
6.157521601035994,1.4579527871468523
6.283185307179586,1.460066978806944
0,1.4600669788069711
0.12566370614359174,1.4577187157182157
0.25132741228718347,1.4510087631923696
0.37699111843077515,1.4402307435281918
0.5026548245743669,1.4258412855532465
0.6283185307179586,1.4084129891310047
0.7539822368615503,1.3885757556437743
0.8796459430051421,1.366954175495407
1.0053096491487339,1.34410979343565
1.1309733552923256,1.3204966759907348
1.2566370614359172,1.2964367624335038
1.382300767579509,1.2721184647905068
1.5079644737231006,1.2476185370331605
1.6336281798666925,1.2229438335913831
1.7592918860102842,1.1980864766294053
1.8849555921538756,1.173083419530644
2.0106192982974678,1.1480699435885202
2.1362830044410597,1.123316937790684
2.261946710584651,1.0992443434043258
2.3876104167282426,1.0764076762031534
2.5132741228718345,1.0554600126330858
2.6389378290154264,1.0370966489820101
2.764601535159018,1.021992344533489
2.8902652413026093,1.0107409709425157
3.015928947446201,1.0038049574205252
3.141592653589793,1.0014784716070833
3.267256359733385,1.0038653454377453
3.3929200658769765,1.0108713407434227
3.5185837720205684,1.0222104660682942
3.6442474781641603,1.0374258106620222
3.7699111843077513,1.0559254840892258
3.895574890451343,1.0770328177066195
4.0212385965949355,1.100046979113841
4.1469023027385274,1.1243065644414263
4.272566008882119,1.1492461430151415
4.39822971502571,1.174435532834686
4.523893421169302,1.1995942913546722
4.649557127312894,1.2245788556533865
4.775220833456485,1.2493454382429716
4.900884539600077,1.2738964959619867
5.026548245743669,1.2982211947883275
5.15221195188726,1.322240529808873
5.277875658030853,1.3457661078593623
5.403539364174444,1.3684788347651355
5.529203070318036,1.389930508590782
5.654866776461628,1.409567973034265
5.780530482605219,1.4267762938113373
5.906194188748811,1.4409347562670896
6.031857894892402,1.4514778156476027
6.157521601035994,1.457952787146889
6.283185307179586,1.460066978806971
0,1.3357136077604161
0.12566370614359174,1.3336708478695816
0.25132741228718347,1.3278712740972494
0.37699111843077515,1.3185571141471408
0.5026548245743669,1.3061035020407652
0.6283185307179586,1.29098356351656
0.7539822368615503,1.273723906528982
0.8796459430051421,1.2548554755957915
1.0053096491487339,1.2348660735174515
1.1309733552923256,1.214161325213205
1.2566370614359172,1.1930401371306447
1.382300767579509,1.1716888119348057
1.5079644737231006,1.1501952076873037
1.6336281798666925,1.128581107191818
1.7592918860102842,1.1068477552556724
1.8849555921538756,1.085026859027828
2.0106192982974678,1.0632278291034276
2.1362830044410597,1.041672215882537
2.261946710584651,1.0207084143115779
2.3876104167282426,1.0008034764607157
2.5132741228718345,0.9825134030788565
2.6389378290154264,0.9664373538728711
2.764601535159018,0.9531637076510296
2.8902652413026093,0.9432162815462498
3.015928947446201,0.937007544476724
3.141592653589793,0.9348032346843229
3.267256359733385,0.9367004923940988
3.3929200658769765,0.9426201744609423
3.5185837720205684,0.9523134905437673
3.6442474781641603,0.9653829372364253
3.7699111843077513,0.9813169207287019
3.895574890451343,0.9995359333550065
4.0212385965949355,1.0194457997427768
4.1469023027385274,1.0404911017566834
4.272566008882119,1.0622005065411007
4.39822971502571,1.0842162154335644
4.523893421169302,1.1063023153238147
4.649557127312894,1.1283308552395535
4.775220833456485,1.15024886573112
4.900884539600077,1.1720331064097553
5.026548245743669,1.1936412683703668
5.15221195188726,1.2149684536465482
5.277875658030853,1.235816279604368
5.403539364174444,1.2558794356979601
5.529203070318036,1.2747514949831886
5.654866776461628,1.291948725008834
5.780530482605219,1.3069479831969066
5.906194188748811,1.319232929088264
6.031857894892402,1.3283420370669223
6.157521601035994,1.333912282590266
6.283185307179586,1.3357136077604161
0,1.2033358749820684
0.12566370614359174,1.2017532134938242
0.25132741228718347,1.19689865164581
0.37699111843077515,1.188976509212273
0.5026548245743669,1.1783074456155807
0.6283185307179586,1.1652967993964578
0.7539822368615503,1.1503950274111
0.8796459430051421,1.1340550119056858
1.0053096491487339,1.1166918889351585
1.1309733552923256,1.0986511142759372
1.2566370614359172,1.0801895481055825
1.382300767579509,1.0614725118492458
1.5079644737231006,1.042587357853096
1.6336281798666925,1.0235714703224452
1.7592918860102842,1.0044501507405623
1.8849555921538756,0.9852779065593036
2.0106192982974678,0.9661756693132816
2.1362830044410597,0.947356803362367
2.261946710584651,0.9291366100071138
2.3876104167282426,0.9119231560662597
2.5132741228718345,0.8961909565679269
2.6389378290154264,0.8824423115216242
2.764601535159018,0.8711630107665657
2.8902652413026093,0.862779237645267
3.015928947446201,0.8576210638954898
3.141592653589793,0.8558957275756951
3.267256359733385,0.857671868934407
3.3929200658769765,0.8628747145923857
3.5185837720205684,0.8712919267122156
3.6442474781641603,0.8825900064122447
3.7699111843077513,0.8963410481556254
3.895574890451343,0.9120587383470549
4.0212385965949355,0.9292407252879751
4.1469023027385274,0.9474123853564345
4.272566008882119,0.9661654639951454
4.39822971502571,0.9851849224387073
4.523893421169302,1.00425894921217
4.649557127312894,1.0232702066362083
4.775220833456485,1.0421701254407374
4.900884539600077,1.060941385932329
5.026548245743669,1.0795558021863536
5.15221195188726,1.097935310646997
5.277875658030853,1.1159228002701242
5.403539364174444,1.133267538985039
5.529203070318036,1.1496274249856946
5.654866776461628,1.1645876158325432
5.780530482605219,1.1776926087660848
5.906194188748811,1.1884869227318227
6.031857894892402,1.1965585019934362
6.157521601035994,1.201578980681163
6.283185307179586,1.2033358749820693
0,1.079128003583054
0.12566370614359174,1.0773337561111596
0.25132741228718347,1.0727471395803725
0.37699111843077515,1.065569547558441
0.5026548245743669,1.0561017550851561
0.6283185307179586,1.0447138027289928
0.7539822368615503,1.0318077896640447
0.8796459430051421,1.0177784610246217
1.0053096491487339,1.0029772319417956
1.1309733552923256,0.9876850751473396
1.2566370614359172,0.972098437164771
1.382300767579509,0.9563302833122465
1.5079644737231006,0.940425932290642
1.6336281798666925,0.9243909578064055
1.7592918860102842,0.9082264465732943
1.8849555921538756,0.8919655795552592
2.0106192982974678,0.8757050985898182
2.1362830044410597,0.859625938911323
2.261946710584651,0.843999181866456
2.3876104167282426,0.8291762325864891
2.5132741228718345,0.815565139538179
2.6389378290154264,0.803597452857918
2.764601535159018,0.7936912913400049
2.8902652413026093,0.7862160921628847
3.015928947446201,0.781463129250583
3.141592653589793,0.7796239930697184
3.267256359733385,0.7807776023771514
3.3929200658769765,0.7848854755119655
3.5185837720205684,0.7917949550347565
3.6442474781641603,0.801250434350567
3.7699111843077513,0.8129127532725215
3.895574890451343,0.8263863229340173
4.0212385965949355,0.8412521329050087
4.1469023027385274,0.8571029973371166
4.272566008882119,0.873575946937983
4.39822971502571,0.8903762896794775
4.523893421169302,0.9072889094001758
4.649557127312894,0.9241746805561709
4.775220833456485,0.9409528248087208
4.900884539600077,0.957572809978123
5.026548245743669,0.9739813126112414
5.15221195188726,0.9900904850230637
5.277875658030853,1.0057532962587514
5.403539364174444,1.0207503021593949
5.529203070318036,1.034790180227726
5.654866776461628,1.047524085557996
5.780530482605219,1.0585716933669436
5.906194188748811,1.0675550453124278
6.031857894892402,1.0741353061738248
6.157521601035994,1.078047388609856
6.283185307179586,1.079128003583054
0,0.9704971181802818
0.12566370614359174,0.9691840409071875
0.25132741228718347,0.9654875774905806
0.37699111843077515,0.9595585682262711
0.5026548245743669,0.9516283311251381
0.6283185307179586,0.9419870682763885
0.7539822368615503,0.9309569160468797
0.8796459430051421,0.9188627501448295
1.0053096491487339,0.9060044743729981
1.1309733552923256,0.8926346191894377
1.2566370614359172,0.878944540629759
1.382300767579509,0.8650613957731452
1.5079644737231006,0.8510565398933385
1.6336281798666925,0.8369642369172092
1.7592918860102842,0.8228078105422655
1.8849555921538756,0.8086288604791934
2.0106192982974678,0.7945142765314994
2.1362830044410597,0.7806158472886352
2.261946710584651,0.7671584510461303
2.3876104167282426,0.7544349765424948
2.5132741228718345,0.7427887373874408
2.6389378290154264,0.7325864997286016
2.764601535159018,0.724186692719916
2.8902652413026093,0.7179076106816457
3.015928947446201,0.7139995983754613
3.141592653589793,0.7126238509534768
3.267256359733385,0.7138391652648766
3.3929200658769765,0.7175971527184002
3.5185837720205684,0.7237460919791122
3.6442474781641603,0.7320434465224186
3.7699111843077513,0.7421766582625516
3.895574890451343,0.7537908764300172
4.0212385965949355,0.7665208751376621
4.1469023027385274,0.7800230077682785
4.272566008882119,0.7940022669349484
4.39822971502571,0.8082298551416244
4.523893421169302,0.8225482219142921
4.649557127312894,0.8368629273627236
4.775220833456485,0.8511232820332333
4.900884539600077,0.8652957955799632
5.026548245743669,0.8793355824807118
5.15221195188726,0.8931609077271847
5.277875658030853,0.9066351835770536
5.403539364174444,0.9195592603200763
5.529203070318036,0.9316750997908025
5.654866776461628,0.9426801418415567
5.780530482605219,0.9522501076639122
5.906194188748811,0.9600668589698158
6.031857894892402,0.9658474259442008
6.157521601035994,0.9693704698344643
6.283185307179586,0.9704971181802818
